<annotation>
	<folder></folder>
	<filename>100_jpg.rf.129f62ae9954ea64cab7854a5a7bb216.jpg</filename>
	<path>100_jpg.rf.129f62ae9954ea64cab7854a5a7bb216.jpg</path>
	<source>
		<database>roboflow.ai</database>
	</source>
	<size>
		<width>416</width>
		<height>416</height>
		<depth>3</depth>
	</size>
	<segmented>0</segmented>
	<object>
		<name>0</name>
		<pose>Unspecified</pose>
		<truncated>0</truncated>
		<difficult>0</difficult>
		<occluded>0</occluded>
		<bndbox>
			<xmin>73</xmin>
			<xmax>145</xmax>
			<ymin>146</ymin>
			<ymax>257</ymax>
		</bndbox>
	</object>
</annotation>
