<annotation>
	<folder></folder>
	<filename>103_jpg.rf.0fbcb00e2cbc86e890aed1d5f81cb20f.jpg</filename>
	<path>103_jpg.rf.0fbcb00e2cbc86e890aed1d5f81cb20f.jpg</path>
	<source>
		<database>roboflow.ai</database>
	</source>
	<size>
		<width>416</width>
		<height>416</height>
		<depth>3</depth>
	</size>
	<segmented>0</segmented>
	<object>
		<name>0</name>
		<pose>Unspecified</pose>
		<truncated>0</truncated>
		<difficult>0</difficult>
		<occluded>0</occluded>
		<bndbox>
			<xmin>333</xmin>
			<xmax>348</xmax>
			<ymin>191</ymin>
			<ymax>207</ymax>
		</bndbox>
	</object>
</annotation>
