<annotation>
	<folder></folder>
	<filename>104_jpg.rf.4d37d1025cd56d7723c4f2ecd9899226.jpg</filename>
	<path>104_jpg.rf.4d37d1025cd56d7723c4f2ecd9899226.jpg</path>
	<source>
		<database>roboflow.ai</database>
	</source>
	<size>
		<width>416</width>
		<height>416</height>
		<depth>3</depth>
	</size>
	<segmented>0</segmented>
	<object>
		<name>0</name>
		<pose>Unspecified</pose>
		<truncated>0</truncated>
		<difficult>0</difficult>
		<occluded>0</occluded>
		<bndbox>
			<xmin>96</xmin>
			<xmax>315</xmax>
			<ymin>17</ymin>
			<ymax>272</ymax>
		</bndbox>
	</object>
</annotation>
