<annotation>
	<folder></folder>
	<filename>105_jpg.rf.b2a1b1f228174f8540e99190537087d9.jpg</filename>
	<path>105_jpg.rf.b2a1b1f228174f8540e99190537087d9.jpg</path>
	<source>
		<database>roboflow.ai</database>
	</source>
	<size>
		<width>416</width>
		<height>416</height>
		<depth>3</depth>
	</size>
	<segmented>0</segmented>
	<object>
		<name>0</name>
		<pose>Unspecified</pose>
		<truncated>0</truncated>
		<difficult>0</difficult>
		<occluded>0</occluded>
		<bndbox>
			<xmin>204</xmin>
			<xmax>337</xmax>
			<ymin>259</ymin>
			<ymax>394</ymax>
		</bndbox>
	</object>
</annotation>
