<annotation>
	<folder></folder>
	<filename>106_jpg.rf.c1287d95f9dc98933dde74b32ea675c5.jpg</filename>
	<path>106_jpg.rf.c1287d95f9dc98933dde74b32ea675c5.jpg</path>
	<source>
		<database>roboflow.ai</database>
	</source>
	<size>
		<width>416</width>
		<height>416</height>
		<depth>3</depth>
	</size>
	<segmented>0</segmented>
	<object>
		<name>0</name>
		<pose>Unspecified</pose>
		<truncated>0</truncated>
		<difficult>0</difficult>
		<occluded>0</occluded>
		<bndbox>
			<xmin>300</xmin>
			<xmax>355</xmax>
			<ymin>142</ymin>
			<ymax>184</ymax>
		</bndbox>
	</object>
</annotation>
