<annotation>
	<folder></folder>
	<filename>107_jpg.rf.1f5ce85eeb910ce6c9ef23a51a3e8188.jpg</filename>
	<path>107_jpg.rf.1f5ce85eeb910ce6c9ef23a51a3e8188.jpg</path>
	<source>
		<database>roboflow.ai</database>
	</source>
	<size>
		<width>416</width>
		<height>416</height>
		<depth>3</depth>
	</size>
	<segmented>0</segmented>
	<object>
		<name>0</name>
		<pose>Unspecified</pose>
		<truncated>0</truncated>
		<difficult>0</difficult>
		<occluded>0</occluded>
		<bndbox>
			<xmin>178</xmin>
			<xmax>288</xmax>
			<ymin>138</ymin>
			<ymax>241</ymax>
		</bndbox>
	</object>
</annotation>
