<annotation>
	<folder></folder>
	<filename>108_jpg.rf.85aa9a22c42373f2efe1f9252bdca431.jpg</filename>
	<path>108_jpg.rf.85aa9a22c42373f2efe1f9252bdca431.jpg</path>
	<source>
		<database>roboflow.ai</database>
	</source>
	<size>
		<width>416</width>
		<height>416</height>
		<depth>3</depth>
	</size>
	<segmented>0</segmented>
	<object>
		<name>0</name>
		<pose>Unspecified</pose>
		<truncated>0</truncated>
		<difficult>0</difficult>
		<occluded>0</occluded>
		<bndbox>
			<xmin>93</xmin>
			<xmax>133</xmax>
			<ymin>59</ymin>
			<ymax>106</ymax>
		</bndbox>
	</object>
</annotation>
