<annotation>
	<folder></folder>
	<filename>109_jpg.rf.60d917a581b6fd6e0d804e40b21777f7.jpg</filename>
	<path>109_jpg.rf.60d917a581b6fd6e0d804e40b21777f7.jpg</path>
	<source>
		<database>roboflow.ai</database>
	</source>
	<size>
		<width>416</width>
		<height>416</height>
		<depth>3</depth>
	</size>
	<segmented>0</segmented>
	<object>
		<name>0</name>
		<pose>Unspecified</pose>
		<truncated>0</truncated>
		<difficult>0</difficult>
		<occluded>0</occluded>
		<bndbox>
			<xmin>122</xmin>
			<xmax>151</xmax>
			<ymin>57</ymin>
			<ymax>94</ymax>
		</bndbox>
	</object>
</annotation>
