<annotation>
	<folder></folder>
	<filename>110_jpg.rf.7639f66f79c8310c646eb7fc20adec1d.jpg</filename>
	<path>110_jpg.rf.7639f66f79c8310c646eb7fc20adec1d.jpg</path>
	<source>
		<database>roboflow.ai</database>
	</source>
	<size>
		<width>416</width>
		<height>416</height>
		<depth>3</depth>
	</size>
	<segmented>0</segmented>
	<object>
		<name>0</name>
		<pose>Unspecified</pose>
		<truncated>0</truncated>
		<difficult>0</difficult>
		<occluded>0</occluded>
		<bndbox>
			<xmin>200</xmin>
			<xmax>264</xmax>
			<ymin>218</ymin>
			<ymax>270</ymax>
		</bndbox>
	</object>
</annotation>
