<annotation>
	<folder></folder>
	<filename>114_JPEG.rf.1715cc6b7cd96a6549704690c40a3dcf.jpg</filename>
	<path>114_JPEG.rf.1715cc6b7cd96a6549704690c40a3dcf.jpg</path>
	<source>
		<database>roboflow.ai</database>
	</source>
	<size>
		<width>416</width>
		<height>416</height>
		<depth>3</depth>
	</size>
	<segmented>0</segmented>
	<object>
		<name>0</name>
		<pose>Unspecified</pose>
		<truncated>0</truncated>
		<difficult>0</difficult>
		<occluded>0</occluded>
		<bndbox>
			<xmin>119</xmin>
			<xmax>197</xmax>
			<ymin>159</ymin>
			<ymax>244</ymax>
		</bndbox>
	</object>
</annotation>
