<annotation>
	<folder></folder>
	<filename>116_jpg.rf.fc9d74f37d4396c073293f1b7d355c46.jpg</filename>
	<path>116_jpg.rf.fc9d74f37d4396c073293f1b7d355c46.jpg</path>
	<source>
		<database>roboflow.ai</database>
	</source>
	<size>
		<width>416</width>
		<height>416</height>
		<depth>3</depth>
	</size>
	<segmented>0</segmented>
	<object>
		<name>0</name>
		<pose>Unspecified</pose>
		<truncated>0</truncated>
		<difficult>0</difficult>
		<occluded>0</occluded>
		<bndbox>
			<xmin>304</xmin>
			<xmax>364</xmax>
			<ymin>282</ymin>
			<ymax>333</ymax>
		</bndbox>
	</object>
</annotation>
