<annotation>
	<folder></folder>
	<filename>117_jpg.rf.df4f811b4f9d8eba5307e06d39bc2d87.jpg</filename>
	<path>117_jpg.rf.df4f811b4f9d8eba5307e06d39bc2d87.jpg</path>
	<source>
		<database>roboflow.ai</database>
	</source>
	<size>
		<width>416</width>
		<height>416</height>
		<depth>3</depth>
	</size>
	<segmented>0</segmented>
	<object>
		<name>0</name>
		<pose>Unspecified</pose>
		<truncated>0</truncated>
		<difficult>0</difficult>
		<occluded>0</occluded>
		<bndbox>
			<xmin>173</xmin>
			<xmax>254</xmax>
			<ymin>159</ymin>
			<ymax>223</ymax>
		</bndbox>
	</object>
</annotation>
