<annotation>
	<folder></folder>
	<filename>11_jpg.rf.4d364e72faa8fd7cb2b6af977201bf01.jpg</filename>
	<path>11_jpg.rf.4d364e72faa8fd7cb2b6af977201bf01.jpg</path>
	<source>
		<database>roboflow.ai</database>
	</source>
	<size>
		<width>416</width>
		<height>416</height>
		<depth>3</depth>
	</size>
	<segmented>0</segmented>
	<object>
		<name>0</name>
		<pose>Unspecified</pose>
		<truncated>0</truncated>
		<difficult>0</difficult>
		<occluded>0</occluded>
		<bndbox>
			<xmin>208</xmin>
			<xmax>300</xmax>
			<ymin>133</ymin>
			<ymax>229</ymax>
		</bndbox>
	</object>
</annotation>
