<annotation>
	<folder></folder>
	<filename>120_jpg.rf.3ff29829129a764d0ecba02b42ebfe80.jpg</filename>
	<path>120_jpg.rf.3ff29829129a764d0ecba02b42ebfe80.jpg</path>
	<source>
		<database>roboflow.ai</database>
	</source>
	<size>
		<width>416</width>
		<height>416</height>
		<depth>3</depth>
	</size>
	<segmented>0</segmented>
	<object>
		<name>0</name>
		<pose>Unspecified</pose>
		<truncated>0</truncated>
		<difficult>0</difficult>
		<occluded>0</occluded>
		<bndbox>
			<xmin>190</xmin>
			<xmax>232</xmax>
			<ymin>285</ymin>
			<ymax>331</ymax>
		</bndbox>
	</object>
</annotation>
