<annotation>
	<folder></folder>
	<filename>122_jpg.rf.af56697ee43e321b56956603e6dcdbe4.jpg</filename>
	<path>122_jpg.rf.af56697ee43e321b56956603e6dcdbe4.jpg</path>
	<source>
		<database>roboflow.ai</database>
	</source>
	<size>
		<width>416</width>
		<height>416</height>
		<depth>3</depth>
	</size>
	<segmented>0</segmented>
	<object>
		<name>0</name>
		<pose>Unspecified</pose>
		<truncated>0</truncated>
		<difficult>0</difficult>
		<occluded>0</occluded>
		<bndbox>
			<xmin>176</xmin>
			<xmax>244</xmax>
			<ymin>134</ymin>
			<ymax>211</ymax>
		</bndbox>
	</object>
</annotation>
