<annotation>
	<folder></folder>
	<filename>127_jpg.rf.491aec33c3dc9dff6e7442b5f74b29e8.jpg</filename>
	<path>127_jpg.rf.491aec33c3dc9dff6e7442b5f74b29e8.jpg</path>
	<source>
		<database>roboflow.ai</database>
	</source>
	<size>
		<width>416</width>
		<height>416</height>
		<depth>3</depth>
	</size>
	<segmented>0</segmented>
	<object>
		<name>0</name>
		<pose>Unspecified</pose>
		<truncated>0</truncated>
		<difficult>0</difficult>
		<occluded>0</occluded>
		<bndbox>
			<xmin>101</xmin>
			<xmax>311</xmax>
			<ymin>61</ymin>
			<ymax>330</ymax>
		</bndbox>
	</object>
</annotation>
