<annotation>
	<folder></folder>
	<filename>128_jpg.rf.5eb77336aa5a2cb28b0fda1daef278bf.jpg</filename>
	<path>128_jpg.rf.5eb77336aa5a2cb28b0fda1daef278bf.jpg</path>
	<source>
		<database>roboflow.ai</database>
	</source>
	<size>
		<width>416</width>
		<height>416</height>
		<depth>3</depth>
	</size>
	<segmented>0</segmented>
	<object>
		<name>0</name>
		<pose>Unspecified</pose>
		<truncated>0</truncated>
		<difficult>0</difficult>
		<occluded>0</occluded>
		<bndbox>
			<xmin>79</xmin>
			<xmax>359</xmax>
			<ymin>74</ymin>
			<ymax>333</ymax>
		</bndbox>
	</object>
</annotation>
