<annotation>
	<folder></folder>
	<filename>129_jpg.rf.c411e43dacb2cf9b86275d5d1d15e9a8.jpg</filename>
	<path>129_jpg.rf.c411e43dacb2cf9b86275d5d1d15e9a8.jpg</path>
	<source>
		<database>roboflow.ai</database>
	</source>
	<size>
		<width>416</width>
		<height>416</height>
		<depth>3</depth>
	</size>
	<segmented>0</segmented>
	<object>
		<name>0</name>
		<pose>Unspecified</pose>
		<truncated>0</truncated>
		<difficult>0</difficult>
		<occluded>0</occluded>
		<bndbox>
			<xmin>271</xmin>
			<xmax>284</xmax>
			<ymin>163</ymin>
			<ymax>175</ymax>
		</bndbox>
	</object>
</annotation>
