<annotation>
	<folder></folder>
	<filename>12_jpg.rf.79119a1fbca26ecadeca69d14c9ed6bc.jpg</filename>
	<path>12_jpg.rf.79119a1fbca26ecadeca69d14c9ed6bc.jpg</path>
	<source>
		<database>roboflow.ai</database>
	</source>
	<size>
		<width>416</width>
		<height>416</height>
		<depth>3</depth>
	</size>
	<segmented>0</segmented>
	<object>
		<name>0</name>
		<pose>Unspecified</pose>
		<truncated>0</truncated>
		<difficult>0</difficult>
		<occluded>0</occluded>
		<bndbox>
			<xmin>25</xmin>
			<xmax>108</xmax>
			<ymin>82</ymin>
			<ymax>160</ymax>
		</bndbox>
	</object>
</annotation>
