<annotation>
	<folder></folder>
	<filename>130_jpg.rf.dcdbf3c28e1177186c818520cfdddb92.jpg</filename>
	<path>130_jpg.rf.dcdbf3c28e1177186c818520cfdddb92.jpg</path>
	<source>
		<database>roboflow.ai</database>
	</source>
	<size>
		<width>416</width>
		<height>416</height>
		<depth>3</depth>
	</size>
	<segmented>0</segmented>
	<object>
		<name>0</name>
		<pose>Unspecified</pose>
		<truncated>0</truncated>
		<difficult>0</difficult>
		<occluded>0</occluded>
		<bndbox>
			<xmin>213</xmin>
			<xmax>381</xmax>
			<ymin>112</ymin>
			<ymax>294</ymax>
		</bndbox>
	</object>
</annotation>
