<annotation>
	<folder></folder>
	<filename>131_jpg.rf.93ed61eb2a6b0d5151d51f8edad619dc.jpg</filename>
	<path>131_jpg.rf.93ed61eb2a6b0d5151d51f8edad619dc.jpg</path>
	<source>
		<database>roboflow.ai</database>
	</source>
	<size>
		<width>416</width>
		<height>416</height>
		<depth>3</depth>
	</size>
	<segmented>0</segmented>
	<object>
		<name>0</name>
		<pose>Unspecified</pose>
		<truncated>0</truncated>
		<difficult>0</difficult>
		<occluded>0</occluded>
		<bndbox>
			<xmin>7</xmin>
			<xmax>258</xmax>
			<ymin>101</ymin>
			<ymax>297</ymax>
		</bndbox>
	</object>
</annotation>
