<annotation>
	<folder></folder>
	<filename>134_jpg.rf.9b303ee17c944471d707b89fae60234d.jpg</filename>
	<path>134_jpg.rf.9b303ee17c944471d707b89fae60234d.jpg</path>
	<source>
		<database>roboflow.ai</database>
	</source>
	<size>
		<width>416</width>
		<height>416</height>
		<depth>3</depth>
	</size>
	<segmented>0</segmented>
	<object>
		<name>0</name>
		<pose>Unspecified</pose>
		<truncated>0</truncated>
		<difficult>0</difficult>
		<occluded>0</occluded>
		<bndbox>
			<xmin>63</xmin>
			<xmax>371</xmax>
			<ymin>127</ymin>
			<ymax>366</ymax>
		</bndbox>
	</object>
</annotation>
