<annotation>
	<folder></folder>
	<filename>137_jpg.rf.59896a510fd698a582c534d601873413.jpg</filename>
	<path>137_jpg.rf.59896a510fd698a582c534d601873413.jpg</path>
	<source>
		<database>roboflow.ai</database>
	</source>
	<size>
		<width>416</width>
		<height>416</height>
		<depth>3</depth>
	</size>
	<segmented>0</segmented>
	<object>
		<name>0</name>
		<pose>Unspecified</pose>
		<truncated>0</truncated>
		<difficult>0</difficult>
		<occluded>0</occluded>
		<bndbox>
			<xmin>12</xmin>
			<xmax>108</xmax>
			<ymin>169</ymin>
			<ymax>226</ymax>
		</bndbox>
	</object>
</annotation>
