<annotation>
	<folder></folder>
	<filename>138_jpg.rf.01e8cb536243bb424c0dfa7d802e701b.jpg</filename>
	<path>138_jpg.rf.01e8cb536243bb424c0dfa7d802e701b.jpg</path>
	<source>
		<database>roboflow.ai</database>
	</source>
	<size>
		<width>416</width>
		<height>416</height>
		<depth>3</depth>
	</size>
	<segmented>0</segmented>
	<object>
		<name>0</name>
		<pose>Unspecified</pose>
		<truncated>0</truncated>
		<difficult>0</difficult>
		<occluded>0</occluded>
		<bndbox>
			<xmin>65</xmin>
			<xmax>386</xmax>
			<ymin>63</ymin>
			<ymax>336</ymax>
		</bndbox>
	</object>
</annotation>
