<annotation>
	<folder></folder>
	<filename>139_jpg.rf.fa76502651fcda4b091f6cbb0def79cd.jpg</filename>
	<path>139_jpg.rf.fa76502651fcda4b091f6cbb0def79cd.jpg</path>
	<source>
		<database>roboflow.ai</database>
	</source>
	<size>
		<width>416</width>
		<height>416</height>
		<depth>3</depth>
	</size>
	<segmented>0</segmented>
	<object>
		<name>0</name>
		<pose>Unspecified</pose>
		<truncated>0</truncated>
		<difficult>0</difficult>
		<occluded>0</occluded>
		<bndbox>
			<xmin>133</xmin>
			<xmax>164</xmax>
			<ymin>87</ymin>
			<ymax>125</ymax>
		</bndbox>
	</object>
</annotation>
