<annotation>
	<folder></folder>
	<filename>140_jpg.rf.3a7d33459947006c3adaabc29e8b7a19.jpg</filename>
	<path>140_jpg.rf.3a7d33459947006c3adaabc29e8b7a19.jpg</path>
	<source>
		<database>roboflow.ai</database>
	</source>
	<size>
		<width>416</width>
		<height>416</height>
		<depth>3</depth>
	</size>
	<segmented>0</segmented>
	<object>
		<name>0</name>
		<pose>Unspecified</pose>
		<truncated>0</truncated>
		<difficult>0</difficult>
		<occluded>0</occluded>
		<bndbox>
			<xmin>131</xmin>
			<xmax>179</xmax>
			<ymin>180</ymin>
			<ymax>222</ymax>
		</bndbox>
	</object>
</annotation>
