<annotation>
	<folder></folder>
	<filename>141_jpg.rf.ee8af387e271264c1f3dd4d678368fc5.jpg</filename>
	<path>141_jpg.rf.ee8af387e271264c1f3dd4d678368fc5.jpg</path>
	<source>
		<database>roboflow.ai</database>
	</source>
	<size>
		<width>416</width>
		<height>416</height>
		<depth>3</depth>
	</size>
	<segmented>0</segmented>
	<object>
		<name>0</name>
		<pose>Unspecified</pose>
		<truncated>0</truncated>
		<difficult>0</difficult>
		<occluded>0</occluded>
		<bndbox>
			<xmin>190</xmin>
			<xmax>281</xmax>
			<ymin>10</ymin>
			<ymax>78</ymax>
		</bndbox>
	</object>
</annotation>
