<annotation>
	<folder></folder>
	<filename>142_jpg.rf.28888c723f4807f51e98265cb27f119f.jpg</filename>
	<path>142_jpg.rf.28888c723f4807f51e98265cb27f119f.jpg</path>
	<source>
		<database>roboflow.ai</database>
	</source>
	<size>
		<width>416</width>
		<height>416</height>
		<depth>3</depth>
	</size>
	<segmented>0</segmented>
	<object>
		<name>0</name>
		<pose>Unspecified</pose>
		<truncated>0</truncated>
		<difficult>0</difficult>
		<occluded>0</occluded>
		<bndbox>
			<xmin>43</xmin>
			<xmax>404</xmax>
			<ymin>152</ymin>
			<ymax>333</ymax>
		</bndbox>
	</object>
</annotation>
