<annotation>
	<folder></folder>
	<filename>143_jpg.rf.0284140bdb9b1f8538f6b4612141e712.jpg</filename>
	<path>143_jpg.rf.0284140bdb9b1f8538f6b4612141e712.jpg</path>
	<source>
		<database>roboflow.ai</database>
	</source>
	<size>
		<width>416</width>
		<height>416</height>
		<depth>3</depth>
	</size>
	<segmented>0</segmented>
	<object>
		<name>0</name>
		<pose>Unspecified</pose>
		<truncated>0</truncated>
		<difficult>0</difficult>
		<occluded>0</occluded>
		<bndbox>
			<xmin>186</xmin>
			<xmax>232</xmax>
			<ymin>169</ymin>
			<ymax>229</ymax>
		</bndbox>
	</object>
</annotation>
