<annotation>
	<folder></folder>
	<filename>144_jpg.rf.13799dde8215cf628c764cd787561652.jpg</filename>
	<path>144_jpg.rf.13799dde8215cf628c764cd787561652.jpg</path>
	<source>
		<database>roboflow.ai</database>
	</source>
	<size>
		<width>416</width>
		<height>416</height>
		<depth>3</depth>
	</size>
	<segmented>0</segmented>
	<object>
		<name>0</name>
		<pose>Unspecified</pose>
		<truncated>0</truncated>
		<difficult>0</difficult>
		<occluded>0</occluded>
		<bndbox>
			<xmin>89</xmin>
			<xmax>108</xmax>
			<ymin>52</ymin>
			<ymax>69</ymax>
		</bndbox>
	</object>
</annotation>
