<annotation>
	<folder></folder>
	<filename>145_jpg.rf.512b30c3579931c01e75174b5a9a4bd2.jpg</filename>
	<path>145_jpg.rf.512b30c3579931c01e75174b5a9a4bd2.jpg</path>
	<source>
		<database>roboflow.ai</database>
	</source>
	<size>
		<width>416</width>
		<height>416</height>
		<depth>3</depth>
	</size>
	<segmented>0</segmented>
	<object>
		<name>0</name>
		<pose>Unspecified</pose>
		<truncated>0</truncated>
		<difficult>0</difficult>
		<occluded>0</occluded>
		<bndbox>
			<xmin>244</xmin>
			<xmax>279</xmax>
			<ymin>331</ymin>
			<ymax>382</ymax>
		</bndbox>
	</object>
</annotation>
