<annotation>
	<folder></folder>
	<filename>146_jpg.rf.88999523e20a0807d5734e1de03d63cc.jpg</filename>
	<path>146_jpg.rf.88999523e20a0807d5734e1de03d63cc.jpg</path>
	<source>
		<database>roboflow.ai</database>
	</source>
	<size>
		<width>416</width>
		<height>416</height>
		<depth>3</depth>
	</size>
	<segmented>0</segmented>
	<object>
		<name>0</name>
		<pose>Unspecified</pose>
		<truncated>0</truncated>
		<difficult>0</difficult>
		<occluded>0</occluded>
		<bndbox>
			<xmin>154</xmin>
			<xmax>247</xmax>
			<ymin>170</ymin>
			<ymax>257</ymax>
		</bndbox>
	</object>
</annotation>
