<annotation>
	<folder></folder>
	<filename>147_jpg.rf.4eb6e73ae771bfc99eb15294ca7cfc7f.jpg</filename>
	<path>147_jpg.rf.4eb6e73ae771bfc99eb15294ca7cfc7f.jpg</path>
	<source>
		<database>roboflow.ai</database>
	</source>
	<size>
		<width>416</width>
		<height>416</height>
		<depth>3</depth>
	</size>
	<segmented>0</segmented>
	<object>
		<name>0</name>
		<pose>Unspecified</pose>
		<truncated>0</truncated>
		<difficult>0</difficult>
		<occluded>0</occluded>
		<bndbox>
			<xmin>259</xmin>
			<xmax>288</xmax>
			<ymin>315</ymin>
			<ymax>346</ymax>
		</bndbox>
	</object>
</annotation>
