<annotation>
	<folder></folder>
	<filename>148_jpg.rf.e7fd7fe5cebaf4e2426f0fd173629e28.jpg</filename>
	<path>148_jpg.rf.e7fd7fe5cebaf4e2426f0fd173629e28.jpg</path>
	<source>
		<database>roboflow.ai</database>
	</source>
	<size>
		<width>416</width>
		<height>416</height>
		<depth>3</depth>
	</size>
	<segmented>0</segmented>
	<object>
		<name>0</name>
		<pose>Unspecified</pose>
		<truncated>0</truncated>
		<difficult>0</difficult>
		<occluded>0</occluded>
		<bndbox>
			<xmin>170</xmin>
			<xmax>253</xmax>
			<ymin>294</ymin>
			<ymax>369</ymax>
		</bndbox>
	</object>
</annotation>
