<annotation>
	<folder></folder>
	<filename>14_jpg.rf.6557d9c859c56ee096a9f39c67bacbf9.jpg</filename>
	<path>14_jpg.rf.6557d9c859c56ee096a9f39c67bacbf9.jpg</path>
	<source>
		<database>roboflow.ai</database>
	</source>
	<size>
		<width>416</width>
		<height>416</height>
		<depth>3</depth>
	</size>
	<segmented>0</segmented>
	<object>
		<name>0</name>
		<pose>Unspecified</pose>
		<truncated>0</truncated>
		<difficult>0</difficult>
		<occluded>0</occluded>
		<bndbox>
			<xmin>41</xmin>
			<xmax>366</xmax>
			<ymin>121</ymin>
			<ymax>348</ymax>
		</bndbox>
	</object>
</annotation>
