<annotation>
	<folder></folder>
	<filename>151_jpg.rf.e79d3f6dae4e06f53054e78ae5ad6591.jpg</filename>
	<path>151_jpg.rf.e79d3f6dae4e06f53054e78ae5ad6591.jpg</path>
	<source>
		<database>roboflow.ai</database>
	</source>
	<size>
		<width>416</width>
		<height>416</height>
		<depth>3</depth>
	</size>
	<segmented>0</segmented>
	<object>
		<name>0</name>
		<pose>Unspecified</pose>
		<truncated>0</truncated>
		<difficult>0</difficult>
		<occluded>0</occluded>
		<bndbox>
			<xmin>198</xmin>
			<xmax>285</xmax>
			<ymin>150</ymin>
			<ymax>258</ymax>
		</bndbox>
	</object>
</annotation>
