<annotation>
	<folder></folder>
	<filename>152_jpg.rf.67c2cb08ef18ca28dd0f4fe0f6b661cd.jpg</filename>
	<path>152_jpg.rf.67c2cb08ef18ca28dd0f4fe0f6b661cd.jpg</path>
	<source>
		<database>roboflow.ai</database>
	</source>
	<size>
		<width>416</width>
		<height>416</height>
		<depth>3</depth>
	</size>
	<segmented>0</segmented>
	<object>
		<name>0</name>
		<pose>Unspecified</pose>
		<truncated>0</truncated>
		<difficult>0</difficult>
		<occluded>0</occluded>
		<bndbox>
			<xmin>200</xmin>
			<xmax>267</xmax>
			<ymin>187</ymin>
			<ymax>274</ymax>
		</bndbox>
	</object>
</annotation>
