<annotation>
	<folder></folder>
	<filename>153_jpg.rf.d2373723576cc9ddb2c3ff6c3416d992.jpg</filename>
	<path>153_jpg.rf.d2373723576cc9ddb2c3ff6c3416d992.jpg</path>
	<source>
		<database>roboflow.ai</database>
	</source>
	<size>
		<width>416</width>
		<height>416</height>
		<depth>3</depth>
	</size>
	<segmented>0</segmented>
	<object>
		<name>0</name>
		<pose>Unspecified</pose>
		<truncated>0</truncated>
		<difficult>0</difficult>
		<occluded>0</occluded>
		<bndbox>
			<xmin>165</xmin>
			<xmax>234</xmax>
			<ymin>138</ymin>
			<ymax>201</ymax>
		</bndbox>
	</object>
</annotation>
