<annotation>
	<folder></folder>
	<filename>154_jpg.rf.cc086e43b13aba6e65d6d58fa61009c6.jpg</filename>
	<path>154_jpg.rf.cc086e43b13aba6e65d6d58fa61009c6.jpg</path>
	<source>
		<database>roboflow.ai</database>
	</source>
	<size>
		<width>416</width>
		<height>416</height>
		<depth>3</depth>
	</size>
	<segmented>0</segmented>
	<object>
		<name>0</name>
		<pose>Unspecified</pose>
		<truncated>0</truncated>
		<difficult>0</difficult>
		<occluded>0</occluded>
		<bndbox>
			<xmin>187</xmin>
			<xmax>216</xmax>
			<ymin>49</ymin>
			<ymax>86</ymax>
		</bndbox>
	</object>
</annotation>
