<annotation>
	<folder></folder>
	<filename>155_jpg.rf.9c51fd52ae7e31b57594ba0a78102864.jpg</filename>
	<path>155_jpg.rf.9c51fd52ae7e31b57594ba0a78102864.jpg</path>
	<source>
		<database>roboflow.ai</database>
	</source>
	<size>
		<width>416</width>
		<height>416</height>
		<depth>3</depth>
	</size>
	<segmented>0</segmented>
	<object>
		<name>0</name>
		<pose>Unspecified</pose>
		<truncated>0</truncated>
		<difficult>0</difficult>
		<occluded>0</occluded>
		<bndbox>
			<xmin>108</xmin>
			<xmax>390</xmax>
			<ymin>184</ymin>
			<ymax>390</ymax>
		</bndbox>
	</object>
</annotation>
