<annotation>
	<folder></folder>
	<filename>156_jpg.rf.1c96a28465577185c1aa6acf8b735ae5.jpg</filename>
	<path>156_jpg.rf.1c96a28465577185c1aa6acf8b735ae5.jpg</path>
	<source>
		<database>roboflow.ai</database>
	</source>
	<size>
		<width>416</width>
		<height>416</height>
		<depth>3</depth>
	</size>
	<segmented>0</segmented>
	<object>
		<name>0</name>
		<pose>Unspecified</pose>
		<truncated>0</truncated>
		<difficult>0</difficult>
		<occluded>0</occluded>
		<bndbox>
			<xmin>92</xmin>
			<xmax>174</xmax>
			<ymin>169</ymin>
			<ymax>235</ymax>
		</bndbox>
	</object>
</annotation>
