<annotation>
	<folder></folder>
	<filename>157_jpg.rf.28e72e2ec13e7eec5a0c8e3d9521e8f6.jpg</filename>
	<path>157_jpg.rf.28e72e2ec13e7eec5a0c8e3d9521e8f6.jpg</path>
	<source>
		<database>roboflow.ai</database>
	</source>
	<size>
		<width>416</width>
		<height>416</height>
		<depth>3</depth>
	</size>
	<segmented>0</segmented>
	<object>
		<name>0</name>
		<pose>Unspecified</pose>
		<truncated>0</truncated>
		<difficult>0</difficult>
		<occluded>0</occluded>
		<bndbox>
			<xmin>137</xmin>
			<xmax>192</xmax>
			<ymin>132</ymin>
			<ymax>191</ymax>
		</bndbox>
	</object>
</annotation>
