<annotation>
	<folder></folder>
	<filename>158_jpg.rf.4765e8b8b6fc2608f82d11bb1dd5c34e.jpg</filename>
	<path>158_jpg.rf.4765e8b8b6fc2608f82d11bb1dd5c34e.jpg</path>
	<source>
		<database>roboflow.ai</database>
	</source>
	<size>
		<width>416</width>
		<height>416</height>
		<depth>3</depth>
	</size>
	<segmented>0</segmented>
	<object>
		<name>0</name>
		<pose>Unspecified</pose>
		<truncated>0</truncated>
		<difficult>0</difficult>
		<occluded>0</occluded>
		<bndbox>
			<xmin>244</xmin>
			<xmax>275</xmax>
			<ymin>186</ymin>
			<ymax>230</ymax>
		</bndbox>
	</object>
</annotation>
