<annotation>
	<folder></folder>
	<filename>159_jpg.rf.4d779d9b6500b9630059933c8b123819.jpg</filename>
	<path>159_jpg.rf.4d779d9b6500b9630059933c8b123819.jpg</path>
	<source>
		<database>roboflow.ai</database>
	</source>
	<size>
		<width>416</width>
		<height>416</height>
		<depth>3</depth>
	</size>
	<segmented>0</segmented>
	<object>
		<name>0</name>
		<pose>Unspecified</pose>
		<truncated>0</truncated>
		<difficult>0</difficult>
		<occluded>0</occluded>
		<bndbox>
			<xmin>96</xmin>
			<xmax>137</xmax>
			<ymin>143</ymin>
			<ymax>181</ymax>
		</bndbox>
	</object>
</annotation>
