<annotation>
	<folder></folder>
	<filename>15_jpg.rf.644ecc812486f1140496e3d94afb5416.jpg</filename>
	<path>15_jpg.rf.644ecc812486f1140496e3d94afb5416.jpg</path>
	<source>
		<database>roboflow.ai</database>
	</source>
	<size>
		<width>416</width>
		<height>416</height>
		<depth>3</depth>
	</size>
	<segmented>0</segmented>
	<object>
		<name>0</name>
		<pose>Unspecified</pose>
		<truncated>0</truncated>
		<difficult>0</difficult>
		<occluded>0</occluded>
		<bndbox>
			<xmin>83</xmin>
			<xmax>267</xmax>
			<ymin>42</ymin>
			<ymax>294</ymax>
		</bndbox>
	</object>
</annotation>
