<annotation>
	<folder></folder>
	<filename>160_jpg.rf.1b4d4475de80db007b9151d75cb91a3c.jpg</filename>
	<path>160_jpg.rf.1b4d4475de80db007b9151d75cb91a3c.jpg</path>
	<source>
		<database>roboflow.ai</database>
	</source>
	<size>
		<width>416</width>
		<height>416</height>
		<depth>3</depth>
	</size>
	<segmented>0</segmented>
	<object>
		<name>0</name>
		<pose>Unspecified</pose>
		<truncated>0</truncated>
		<difficult>0</difficult>
		<occluded>0</occluded>
		<bndbox>
			<xmin>119</xmin>
			<xmax>138</xmax>
			<ymin>64</ymin>
			<ymax>82</ymax>
		</bndbox>
	</object>
</annotation>
