<annotation>
	<folder></folder>
	<filename>161_jpg.rf.5b19e44631f88370dc37711e256c4a37.jpg</filename>
	<path>161_jpg.rf.5b19e44631f88370dc37711e256c4a37.jpg</path>
	<source>
		<database>roboflow.ai</database>
	</source>
	<size>
		<width>416</width>
		<height>416</height>
		<depth>3</depth>
	</size>
	<segmented>0</segmented>
	<object>
		<name>0</name>
		<pose>Unspecified</pose>
		<truncated>0</truncated>
		<difficult>0</difficult>
		<occluded>0</occluded>
		<bndbox>
			<xmin>212</xmin>
			<xmax>241</xmax>
			<ymin>111</ymin>
			<ymax>150</ymax>
		</bndbox>
	</object>
</annotation>
