<annotation>
	<folder></folder>
	<filename>163_jpg.rf.33d8ac659cbf05539448794905e12ec2.jpg</filename>
	<path>163_jpg.rf.33d8ac659cbf05539448794905e12ec2.jpg</path>
	<source>
		<database>roboflow.ai</database>
	</source>
	<size>
		<width>416</width>
		<height>416</height>
		<depth>3</depth>
	</size>
	<segmented>0</segmented>
	<object>
		<name>0</name>
		<pose>Unspecified</pose>
		<truncated>0</truncated>
		<difficult>0</difficult>
		<occluded>0</occluded>
		<bndbox>
			<xmin>148</xmin>
			<xmax>245</xmax>
			<ymin>163</ymin>
			<ymax>244</ymax>
		</bndbox>
	</object>
</annotation>
