<annotation>
	<folder></folder>
	<filename>164_jpg.rf.f5f7374ac8badf096a98c1970735bb50.jpg</filename>
	<path>164_jpg.rf.f5f7374ac8badf096a98c1970735bb50.jpg</path>
	<source>
		<database>roboflow.ai</database>
	</source>
	<size>
		<width>416</width>
		<height>416</height>
		<depth>3</depth>
	</size>
	<segmented>0</segmented>
	<object>
		<name>0</name>
		<pose>Unspecified</pose>
		<truncated>0</truncated>
		<difficult>0</difficult>
		<occluded>0</occluded>
		<bndbox>
			<xmin>124</xmin>
			<xmax>364</xmax>
			<ymin>78</ymin>
			<ymax>271</ymax>
		</bndbox>
	</object>
</annotation>
