<annotation>
	<folder></folder>
	<filename>166_jpg.rf.b3f0d432ef6b27c87937eb9424f2a02c.jpg</filename>
	<path>166_jpg.rf.b3f0d432ef6b27c87937eb9424f2a02c.jpg</path>
	<source>
		<database>roboflow.ai</database>
	</source>
	<size>
		<width>416</width>
		<height>416</height>
		<depth>3</depth>
	</size>
	<segmented>0</segmented>
	<object>
		<name>0</name>
		<pose>Unspecified</pose>
		<truncated>0</truncated>
		<difficult>0</difficult>
		<occluded>0</occluded>
		<bndbox>
			<xmin>164</xmin>
			<xmax>195</xmax>
			<ymin>125</ymin>
			<ymax>149</ymax>
		</bndbox>
	</object>
</annotation>
