<annotation>
	<folder></folder>
	<filename>167_jpg.rf.0230673a3e29d5f3d4afe4231ed02401.jpg</filename>
	<path>167_jpg.rf.0230673a3e29d5f3d4afe4231ed02401.jpg</path>
	<source>
		<database>roboflow.ai</database>
	</source>
	<size>
		<width>416</width>
		<height>416</height>
		<depth>3</depth>
	</size>
	<segmented>0</segmented>
	<object>
		<name>0</name>
		<pose>Unspecified</pose>
		<truncated>0</truncated>
		<difficult>0</difficult>
		<occluded>0</occluded>
		<bndbox>
			<xmin>181</xmin>
			<xmax>239</xmax>
			<ymin>67</ymin>
			<ymax>148</ymax>
		</bndbox>
	</object>
</annotation>
