<annotation>
	<folder></folder>
	<filename>168_jpg.rf.c5d6edc2799b528ca5f5d6e9555e0e78.jpg</filename>
	<path>168_jpg.rf.c5d6edc2799b528ca5f5d6e9555e0e78.jpg</path>
	<source>
		<database>roboflow.ai</database>
	</source>
	<size>
		<width>416</width>
		<height>416</height>
		<depth>3</depth>
	</size>
	<segmented>0</segmented>
	<object>
		<name>0</name>
		<pose>Unspecified</pose>
		<truncated>0</truncated>
		<difficult>0</difficult>
		<occluded>0</occluded>
		<bndbox>
			<xmin>134</xmin>
			<xmax>234</xmax>
			<ymin>122</ymin>
			<ymax>220</ymax>
		</bndbox>
	</object>
</annotation>
