<annotation>
	<folder></folder>
	<filename>169_jpg.rf.ef69c486fb9e368aba01d0b5b392878a.jpg</filename>
	<path>169_jpg.rf.ef69c486fb9e368aba01d0b5b392878a.jpg</path>
	<source>
		<database>roboflow.ai</database>
	</source>
	<size>
		<width>416</width>
		<height>416</height>
		<depth>3</depth>
	</size>
	<segmented>0</segmented>
	<object>
		<name>0</name>
		<pose>Unspecified</pose>
		<truncated>0</truncated>
		<difficult>0</difficult>
		<occluded>0</occluded>
		<bndbox>
			<xmin>92</xmin>
			<xmax>154</xmax>
			<ymin>318</ymin>
			<ymax>378</ymax>
		</bndbox>
	</object>
</annotation>
