<annotation>
	<folder></folder>
	<filename>171_jpg.rf.4cbb5729052f29e2cd26afce1817c116.jpg</filename>
	<path>171_jpg.rf.4cbb5729052f29e2cd26afce1817c116.jpg</path>
	<source>
		<database>roboflow.ai</database>
	</source>
	<size>
		<width>416</width>
		<height>416</height>
		<depth>3</depth>
	</size>
	<segmented>0</segmented>
	<object>
		<name>0</name>
		<pose>Unspecified</pose>
		<truncated>0</truncated>
		<difficult>0</difficult>
		<occluded>0</occluded>
		<bndbox>
			<xmin>203</xmin>
			<xmax>278</xmax>
			<ymin>145</ymin>
			<ymax>242</ymax>
		</bndbox>
	</object>
</annotation>
