<annotation>
	<folder></folder>
	<filename>173_jpg.rf.cb81c0250f6a0a26b5543b5bdcf508a9.jpg</filename>
	<path>173_jpg.rf.cb81c0250f6a0a26b5543b5bdcf508a9.jpg</path>
	<source>
		<database>roboflow.ai</database>
	</source>
	<size>
		<width>416</width>
		<height>416</height>
		<depth>3</depth>
	</size>
	<segmented>0</segmented>
	<object>
		<name>0</name>
		<pose>Unspecified</pose>
		<truncated>0</truncated>
		<difficult>0</difficult>
		<occluded>0</occluded>
		<bndbox>
			<xmin>151</xmin>
			<xmax>358</xmax>
			<ymin>27</ymin>
			<ymax>305</ymax>
		</bndbox>
	</object>
</annotation>
