<annotation>
	<folder></folder>
	<filename>174_jpg.rf.6e56849059067e827e0ec34e3cd6cea2.jpg</filename>
	<path>174_jpg.rf.6e56849059067e827e0ec34e3cd6cea2.jpg</path>
	<source>
		<database>roboflow.ai</database>
	</source>
	<size>
		<width>416</width>
		<height>416</height>
		<depth>3</depth>
	</size>
	<segmented>0</segmented>
	<object>
		<name>0</name>
		<pose>Unspecified</pose>
		<truncated>0</truncated>
		<difficult>0</difficult>
		<occluded>0</occluded>
		<bndbox>
			<xmin>176</xmin>
			<xmax>235</xmax>
			<ymin>17</ymin>
			<ymax>84</ymax>
		</bndbox>
	</object>
</annotation>
