<annotation>
	<folder></folder>
	<filename>177_jpg.rf.80435857e8d388eeceb7740e50115216.jpg</filename>
	<path>177_jpg.rf.80435857e8d388eeceb7740e50115216.jpg</path>
	<source>
		<database>roboflow.ai</database>
	</source>
	<size>
		<width>416</width>
		<height>416</height>
		<depth>3</depth>
	</size>
	<segmented>0</segmented>
	<object>
		<name>0</name>
		<pose>Unspecified</pose>
		<truncated>0</truncated>
		<difficult>0</difficult>
		<occluded>0</occluded>
		<bndbox>
			<xmin>164</xmin>
			<xmax>210</xmax>
			<ymin>128</ymin>
			<ymax>182</ymax>
		</bndbox>
	</object>
</annotation>
