<annotation>
	<folder></folder>
	<filename>179_jpg.rf.8f861e31d548f8a1ef645f2d5b78bdc9.jpg</filename>
	<path>179_jpg.rf.8f861e31d548f8a1ef645f2d5b78bdc9.jpg</path>
	<source>
		<database>roboflow.ai</database>
	</source>
	<size>
		<width>416</width>
		<height>416</height>
		<depth>3</depth>
	</size>
	<segmented>0</segmented>
	<object>
		<name>0</name>
		<pose>Unspecified</pose>
		<truncated>0</truncated>
		<difficult>0</difficult>
		<occluded>0</occluded>
		<bndbox>
			<xmin>183</xmin>
			<xmax>257</xmax>
			<ymin>82</ymin>
			<ymax>121</ymax>
		</bndbox>
	</object>
</annotation>
