<annotation>
	<folder></folder>
	<filename>180_jpg.rf.4136f8b32744724deeb9d50d63fba769.jpg</filename>
	<path>180_jpg.rf.4136f8b32744724deeb9d50d63fba769.jpg</path>
	<source>
		<database>roboflow.ai</database>
	</source>
	<size>
		<width>416</width>
		<height>416</height>
		<depth>3</depth>
	</size>
	<segmented>0</segmented>
	<object>
		<name>0</name>
		<pose>Unspecified</pose>
		<truncated>0</truncated>
		<difficult>0</difficult>
		<occluded>0</occluded>
		<bndbox>
			<xmin>138</xmin>
			<xmax>202</xmax>
			<ymin>200</ymin>
			<ymax>257</ymax>
		</bndbox>
	</object>
</annotation>
