<annotation>
	<folder></folder>
	<filename>181_jpg.rf.6d5a7457c98b385abc30c409894db6b0.jpg</filename>
	<path>181_jpg.rf.6d5a7457c98b385abc30c409894db6b0.jpg</path>
	<source>
		<database>roboflow.ai</database>
	</source>
	<size>
		<width>416</width>
		<height>416</height>
		<depth>3</depth>
	</size>
	<segmented>0</segmented>
	<object>
		<name>0</name>
		<pose>Unspecified</pose>
		<truncated>0</truncated>
		<difficult>0</difficult>
		<occluded>0</occluded>
		<bndbox>
			<xmin>242</xmin>
			<xmax>284</xmax>
			<ymin>192</ymin>
			<ymax>238</ymax>
		</bndbox>
	</object>
</annotation>
