<annotation>
	<folder></folder>
	<filename>182_jpg.rf.8e0eef0ecc3337f75965285f90e40513.jpg</filename>
	<path>182_jpg.rf.8e0eef0ecc3337f75965285f90e40513.jpg</path>
	<source>
		<database>roboflow.ai</database>
	</source>
	<size>
		<width>416</width>
		<height>416</height>
		<depth>3</depth>
	</size>
	<segmented>0</segmented>
	<object>
		<name>0</name>
		<pose>Unspecified</pose>
		<truncated>0</truncated>
		<difficult>0</difficult>
		<occluded>0</occluded>
		<bndbox>
			<xmin>163</xmin>
			<xmax>191</xmax>
			<ymin>130</ymin>
			<ymax>154</ymax>
		</bndbox>
	</object>
</annotation>
