<annotation>
	<folder></folder>
	<filename>184_jpg.rf.0cad53cbdd7b76f148fd493389a8d383.jpg</filename>
	<path>184_jpg.rf.0cad53cbdd7b76f148fd493389a8d383.jpg</path>
	<source>
		<database>roboflow.ai</database>
	</source>
	<size>
		<width>416</width>
		<height>416</height>
		<depth>3</depth>
	</size>
	<segmented>0</segmented>
	<object>
		<name>0</name>
		<pose>Unspecified</pose>
		<truncated>0</truncated>
		<difficult>0</difficult>
		<occluded>0</occluded>
		<bndbox>
			<xmin>147</xmin>
			<xmax>286</xmax>
			<ymin>72</ymin>
			<ymax>198</ymax>
		</bndbox>
	</object>
</annotation>
