<annotation>
	<folder></folder>
	<filename>185_jpg.rf.1ceec04dafbb1ae7a20c896049b8e494.jpg</filename>
	<path>185_jpg.rf.1ceec04dafbb1ae7a20c896049b8e494.jpg</path>
	<source>
		<database>roboflow.ai</database>
	</source>
	<size>
		<width>416</width>
		<height>416</height>
		<depth>3</depth>
	</size>
	<segmented>0</segmented>
	<object>
		<name>0</name>
		<pose>Unspecified</pose>
		<truncated>0</truncated>
		<difficult>0</difficult>
		<occluded>0</occluded>
		<bndbox>
			<xmin>199</xmin>
			<xmax>297</xmax>
			<ymin>144</ymin>
			<ymax>239</ymax>
		</bndbox>
	</object>
</annotation>
