<annotation>
	<folder></folder>
	<filename>186_jpg.rf.bfa4773c265f3ec1ed332525c73e2826.jpg</filename>
	<path>186_jpg.rf.bfa4773c265f3ec1ed332525c73e2826.jpg</path>
	<source>
		<database>roboflow.ai</database>
	</source>
	<size>
		<width>416</width>
		<height>416</height>
		<depth>3</depth>
	</size>
	<segmented>0</segmented>
	<object>
		<name>0</name>
		<pose>Unspecified</pose>
		<truncated>0</truncated>
		<difficult>0</difficult>
		<occluded>0</occluded>
		<bndbox>
			<xmin>216</xmin>
			<xmax>232</xmax>
			<ymin>327</ymin>
			<ymax>348</ymax>
		</bndbox>
	</object>
</annotation>
