<annotation>
	<folder></folder>
	<filename>189_jpg.rf.b0ad00ab2a6f3c7a01a485b990684a82.jpg</filename>
	<path>189_jpg.rf.b0ad00ab2a6f3c7a01a485b990684a82.jpg</path>
	<source>
		<database>roboflow.ai</database>
	</source>
	<size>
		<width>416</width>
		<height>416</height>
		<depth>3</depth>
	</size>
	<segmented>0</segmented>
	<object>
		<name>0</name>
		<pose>Unspecified</pose>
		<truncated>0</truncated>
		<difficult>0</difficult>
		<occluded>0</occluded>
		<bndbox>
			<xmin>28</xmin>
			<xmax>397</xmax>
			<ymin>75</ymin>
			<ymax>310</ymax>
		</bndbox>
	</object>
</annotation>
