<annotation>
	<folder></folder>
	<filename>190_jpg.rf.32c99f391c90e9e93b86fd84e822733e.jpg</filename>
	<path>190_jpg.rf.32c99f391c90e9e93b86fd84e822733e.jpg</path>
	<source>
		<database>roboflow.ai</database>
	</source>
	<size>
		<width>416</width>
		<height>416</height>
		<depth>3</depth>
	</size>
	<segmented>0</segmented>
	<object>
		<name>0</name>
		<pose>Unspecified</pose>
		<truncated>0</truncated>
		<difficult>0</difficult>
		<occluded>0</occluded>
		<bndbox>
			<xmin>189</xmin>
			<xmax>209</xmax>
			<ymin>217</ymin>
			<ymax>233</ymax>
		</bndbox>
	</object>
</annotation>
