<annotation>
	<folder></folder>
	<filename>191_jpg.rf.a37500fe8e9ee473c9888f3a879b834b.jpg</filename>
	<path>191_jpg.rf.a37500fe8e9ee473c9888f3a879b834b.jpg</path>
	<source>
		<database>roboflow.ai</database>
	</source>
	<size>
		<width>416</width>
		<height>416</height>
		<depth>3</depth>
	</size>
	<segmented>0</segmented>
	<object>
		<name>0</name>
		<pose>Unspecified</pose>
		<truncated>0</truncated>
		<difficult>0</difficult>
		<occluded>0</occluded>
		<bndbox>
			<xmin>190</xmin>
			<xmax>276</xmax>
			<ymin>187</ymin>
			<ymax>256</ymax>
		</bndbox>
	</object>
</annotation>
