<annotation>
	<folder></folder>
	<filename>192_jpg.rf.d2a31619bd0fb5c74a7f9fef6e7057e4.jpg</filename>
	<path>192_jpg.rf.d2a31619bd0fb5c74a7f9fef6e7057e4.jpg</path>
	<source>
		<database>roboflow.ai</database>
	</source>
	<size>
		<width>416</width>
		<height>416</height>
		<depth>3</depth>
	</size>
	<segmented>0</segmented>
	<object>
		<name>0</name>
		<pose>Unspecified</pose>
		<truncated>0</truncated>
		<difficult>0</difficult>
		<occluded>0</occluded>
		<bndbox>
			<xmin>154</xmin>
			<xmax>186</xmax>
			<ymin>123</ymin>
			<ymax>156</ymax>
		</bndbox>
	</object>
</annotation>
