<annotation>
	<folder></folder>
	<filename>194_jpg.rf.9ce2b5f29eee83767fd7ae04d45f0d8d.jpg</filename>
	<path>194_jpg.rf.9ce2b5f29eee83767fd7ae04d45f0d8d.jpg</path>
	<source>
		<database>roboflow.ai</database>
	</source>
	<size>
		<width>416</width>
		<height>416</height>
		<depth>3</depth>
	</size>
	<segmented>0</segmented>
	<object>
		<name>0</name>
		<pose>Unspecified</pose>
		<truncated>0</truncated>
		<difficult>0</difficult>
		<occluded>0</occluded>
		<bndbox>
			<xmin>183</xmin>
			<xmax>206</xmax>
			<ymin>128</ymin>
			<ymax>157</ymax>
		</bndbox>
	</object>
</annotation>
