<annotation>
	<folder></folder>
	<filename>195_jpg.rf.1af456bd89538e32a25b183f14c97e9b.jpg</filename>
	<path>195_jpg.rf.1af456bd89538e32a25b183f14c97e9b.jpg</path>
	<source>
		<database>roboflow.ai</database>
	</source>
	<size>
		<width>416</width>
		<height>416</height>
		<depth>3</depth>
	</size>
	<segmented>0</segmented>
	<object>
		<name>0</name>
		<pose>Unspecified</pose>
		<truncated>0</truncated>
		<difficult>0</difficult>
		<occluded>0</occluded>
		<bndbox>
			<xmin>35</xmin>
			<xmax>190</xmax>
			<ymin>99</ymin>
			<ymax>274</ymax>
		</bndbox>
	</object>
</annotation>
