<annotation>
	<folder></folder>
	<filename>196_jpg.rf.3238c8e0404281400949c20da5c27ffe.jpg</filename>
	<path>196_jpg.rf.3238c8e0404281400949c20da5c27ffe.jpg</path>
	<source>
		<database>roboflow.ai</database>
	</source>
	<size>
		<width>416</width>
		<height>416</height>
		<depth>3</depth>
	</size>
	<segmented>0</segmented>
	<object>
		<name>0</name>
		<pose>Unspecified</pose>
		<truncated>0</truncated>
		<difficult>0</difficult>
		<occluded>0</occluded>
		<bndbox>
			<xmin>180</xmin>
			<xmax>289</xmax>
			<ymin>59</ymin>
			<ymax>203</ymax>
		</bndbox>
	</object>
</annotation>
