<annotation>
	<folder></folder>
	<filename>197_jpg.rf.3e35449ca2f8a4f3878e4a402b988fc0.jpg</filename>
	<path>197_jpg.rf.3e35449ca2f8a4f3878e4a402b988fc0.jpg</path>
	<source>
		<database>roboflow.ai</database>
	</source>
	<size>
		<width>416</width>
		<height>416</height>
		<depth>3</depth>
	</size>
	<segmented>0</segmented>
	<object>
		<name>0</name>
		<pose>Unspecified</pose>
		<truncated>0</truncated>
		<difficult>0</difficult>
		<occluded>0</occluded>
		<bndbox>
			<xmin>61</xmin>
			<xmax>271</xmax>
			<ymin>27</ymin>
			<ymax>312</ymax>
		</bndbox>
	</object>
</annotation>
