<annotation>
	<folder></folder>
	<filename>198_jpg.rf.af57822bb204c2957a3ad0d236ec8f40.jpg</filename>
	<path>198_jpg.rf.af57822bb204c2957a3ad0d236ec8f40.jpg</path>
	<source>
		<database>roboflow.ai</database>
	</source>
	<size>
		<width>416</width>
		<height>416</height>
		<depth>3</depth>
	</size>
	<segmented>0</segmented>
	<object>
		<name>0</name>
		<pose>Unspecified</pose>
		<truncated>0</truncated>
		<difficult>0</difficult>
		<occluded>0</occluded>
		<bndbox>
			<xmin>167</xmin>
			<xmax>216</xmax>
			<ymin>142</ymin>
			<ymax>199</ymax>
		</bndbox>
	</object>
</annotation>
