<annotation>
	<folder></folder>
	<filename>199_jpg.rf.3334a28bf90130937d2f140ec3fd0924.jpg</filename>
	<path>199_jpg.rf.3334a28bf90130937d2f140ec3fd0924.jpg</path>
	<source>
		<database>roboflow.ai</database>
	</source>
	<size>
		<width>416</width>
		<height>416</height>
		<depth>3</depth>
	</size>
	<segmented>0</segmented>
	<object>
		<name>0</name>
		<pose>Unspecified</pose>
		<truncated>0</truncated>
		<difficult>0</difficult>
		<occluded>0</occluded>
		<bndbox>
			<xmin>147</xmin>
			<xmax>180</xmax>
			<ymin>273</ymin>
			<ymax>304</ymax>
		</bndbox>
	</object>
</annotation>
