<annotation>
	<folder></folder>
	<filename>19_jpg.rf.8899eb4d4e89be6a47feb980b25418d7.jpg</filename>
	<path>19_jpg.rf.8899eb4d4e89be6a47feb980b25418d7.jpg</path>
	<source>
		<database>roboflow.ai</database>
	</source>
	<size>
		<width>416</width>
		<height>416</height>
		<depth>3</depth>
	</size>
	<segmented>0</segmented>
	<object>
		<name>0</name>
		<pose>Unspecified</pose>
		<truncated>0</truncated>
		<difficult>0</difficult>
		<occluded>0</occluded>
		<bndbox>
			<xmin>66</xmin>
			<xmax>276</xmax>
			<ymin>159</ymin>
			<ymax>327</ymax>
		</bndbox>
	</object>
</annotation>
