<annotation>
	<folder></folder>
	<filename>1_jpg.rf.e2d2a7afc30e409ca8a2995ce75e5b4f.jpg</filename>
	<path>1_jpg.rf.e2d2a7afc30e409ca8a2995ce75e5b4f.jpg</path>
	<source>
		<database>roboflow.ai</database>
	</source>
	<size>
		<width>416</width>
		<height>416</height>
		<depth>3</depth>
	</size>
	<segmented>0</segmented>
	<object>
		<name>0</name>
		<pose>Unspecified</pose>
		<truncated>0</truncated>
		<difficult>0</difficult>
		<occluded>0</occluded>
		<bndbox>
			<xmin>79</xmin>
			<xmax>156</xmax>
			<ymin>160</ymin>
			<ymax>211</ymax>
		</bndbox>
	</object>
</annotation>
