<annotation>
	<folder></folder>
	<filename>200_jpg.rf.840f12e60cc7360093fdb0fc95a4d7fc.jpg</filename>
	<path>200_jpg.rf.840f12e60cc7360093fdb0fc95a4d7fc.jpg</path>
	<source>
		<database>roboflow.ai</database>
	</source>
	<size>
		<width>416</width>
		<height>416</height>
		<depth>3</depth>
	</size>
	<segmented>0</segmented>
	<object>
		<name>0</name>
		<pose>Unspecified</pose>
		<truncated>0</truncated>
		<difficult>0</difficult>
		<occluded>0</occluded>
		<bndbox>
			<xmin>264</xmin>
			<xmax>297</xmax>
			<ymin>186</ymin>
			<ymax>222</ymax>
		</bndbox>
	</object>
</annotation>
