<annotation>
	<folder></folder>
	<filename>201_jpg.rf.14fb070c16b72b55c5bb15fa1eae6153.jpg</filename>
	<path>201_jpg.rf.14fb070c16b72b55c5bb15fa1eae6153.jpg</path>
	<source>
		<database>roboflow.ai</database>
	</source>
	<size>
		<width>416</width>
		<height>416</height>
		<depth>3</depth>
	</size>
	<segmented>0</segmented>
	<object>
		<name>0</name>
		<pose>Unspecified</pose>
		<truncated>0</truncated>
		<difficult>0</difficult>
		<occluded>0</occluded>
		<bndbox>
			<xmin>114</xmin>
			<xmax>187</xmax>
			<ymin>47</ymin>
			<ymax>109</ymax>
		</bndbox>
	</object>
</annotation>
