<annotation>
	<folder></folder>
	<filename>202_jpg.rf.0e13152a7f4d6d6e24b899484e74b5f7.jpg</filename>
	<path>202_jpg.rf.0e13152a7f4d6d6e24b899484e74b5f7.jpg</path>
	<source>
		<database>roboflow.ai</database>
	</source>
	<size>
		<width>416</width>
		<height>416</height>
		<depth>3</depth>
	</size>
	<segmented>0</segmented>
	<object>
		<name>0</name>
		<pose>Unspecified</pose>
		<truncated>0</truncated>
		<difficult>0</difficult>
		<occluded>0</occluded>
		<bndbox>
			<xmin>252</xmin>
			<xmax>289</xmax>
			<ymin>176</ymin>
			<ymax>214</ymax>
		</bndbox>
	</object>
</annotation>
