<annotation>
	<folder></folder>
	<filename>203_jpg.rf.5a6c8939abc9bf4862be194e6f278bdd.jpg</filename>
	<path>203_jpg.rf.5a6c8939abc9bf4862be194e6f278bdd.jpg</path>
	<source>
		<database>roboflow.ai</database>
	</source>
	<size>
		<width>416</width>
		<height>416</height>
		<depth>3</depth>
	</size>
	<segmented>0</segmented>
	<object>
		<name>0</name>
		<pose>Unspecified</pose>
		<truncated>0</truncated>
		<difficult>0</difficult>
		<occluded>0</occluded>
		<bndbox>
			<xmin>7</xmin>
			<xmax>404</xmax>
			<ymin>40</ymin>
			<ymax>372</ymax>
		</bndbox>
	</object>
</annotation>
