<annotation>
	<folder></folder>
	<filename>205_jpg.rf.8c3a4d5c623c89932a2dbf23f7cd5a8b.jpg</filename>
	<path>205_jpg.rf.8c3a4d5c623c89932a2dbf23f7cd5a8b.jpg</path>
	<source>
		<database>roboflow.ai</database>
	</source>
	<size>
		<width>416</width>
		<height>416</height>
		<depth>3</depth>
	</size>
	<segmented>0</segmented>
	<object>
		<name>0</name>
		<pose>Unspecified</pose>
		<truncated>0</truncated>
		<difficult>0</difficult>
		<occluded>0</occluded>
		<bndbox>
			<xmin>175</xmin>
			<xmax>303</xmax>
			<ymin>182</ymin>
			<ymax>290</ymax>
		</bndbox>
	</object>
</annotation>
