<annotation>
	<folder></folder>
	<filename>206_jpg.rf.67a0fc9d9633ea0f84915aff7e6d19eb.jpg</filename>
	<path>206_jpg.rf.67a0fc9d9633ea0f84915aff7e6d19eb.jpg</path>
	<source>
		<database>roboflow.ai</database>
	</source>
	<size>
		<width>416</width>
		<height>416</height>
		<depth>3</depth>
	</size>
	<segmented>0</segmented>
	<object>
		<name>0</name>
		<pose>Unspecified</pose>
		<truncated>0</truncated>
		<difficult>0</difficult>
		<occluded>0</occluded>
		<bndbox>
			<xmin>75</xmin>
			<xmax>188</xmax>
			<ymin>242</ymin>
			<ymax>399</ymax>
		</bndbox>
	</object>
</annotation>
