<annotation>
	<folder></folder>
	<filename>209_jpg.rf.92f54150ae95938e7579568e20dac703.jpg</filename>
	<path>209_jpg.rf.92f54150ae95938e7579568e20dac703.jpg</path>
	<source>
		<database>roboflow.ai</database>
	</source>
	<size>
		<width>416</width>
		<height>416</height>
		<depth>3</depth>
	</size>
	<segmented>0</segmented>
	<object>
		<name>0</name>
		<pose>Unspecified</pose>
		<truncated>0</truncated>
		<difficult>0</difficult>
		<occluded>0</occluded>
		<bndbox>
			<xmin>231</xmin>
			<xmax>245</xmax>
			<ymin>56</ymin>
			<ymax>72</ymax>
		</bndbox>
	</object>
</annotation>
