<annotation>
	<folder></folder>
	<filename>20_jpg.rf.6976266b2e8c9fa4faa946cd5bff3ed5.jpg</filename>
	<path>20_jpg.rf.6976266b2e8c9fa4faa946cd5bff3ed5.jpg</path>
	<source>
		<database>roboflow.ai</database>
	</source>
	<size>
		<width>416</width>
		<height>416</height>
		<depth>3</depth>
	</size>
	<segmented>0</segmented>
	<object>
		<name>0</name>
		<pose>Unspecified</pose>
		<truncated>0</truncated>
		<difficult>0</difficult>
		<occluded>0</occluded>
		<bndbox>
			<xmin>80</xmin>
			<xmax>286</xmax>
			<ymin>84</ymin>
			<ymax>250</ymax>
		</bndbox>
	</object>
</annotation>
