<annotation>
	<folder></folder>
	<filename>211_jpg.rf.779d376bfcb70f9f766720178aebfe1e.jpg</filename>
	<path>211_jpg.rf.779d376bfcb70f9f766720178aebfe1e.jpg</path>
	<source>
		<database>roboflow.ai</database>
	</source>
	<size>
		<width>416</width>
		<height>416</height>
		<depth>3</depth>
	</size>
	<segmented>0</segmented>
	<object>
		<name>0</name>
		<pose>Unspecified</pose>
		<truncated>0</truncated>
		<difficult>0</difficult>
		<occluded>0</occluded>
		<bndbox>
			<xmin>170</xmin>
			<xmax>242</xmax>
			<ymin>331</ymin>
			<ymax>391</ymax>
		</bndbox>
	</object>
</annotation>
