<annotation>
	<folder></folder>
	<filename>212_jpg.rf.daf8d33cffc97599f3902d9f140fda5f.jpg</filename>
	<path>212_jpg.rf.daf8d33cffc97599f3902d9f140fda5f.jpg</path>
	<source>
		<database>roboflow.ai</database>
	</source>
	<size>
		<width>416</width>
		<height>416</height>
		<depth>3</depth>
	</size>
	<segmented>0</segmented>
	<object>
		<name>0</name>
		<pose>Unspecified</pose>
		<truncated>0</truncated>
		<difficult>0</difficult>
		<occluded>0</occluded>
		<bndbox>
			<xmin>199</xmin>
			<xmax>223</xmax>
			<ymin>179</ymin>
			<ymax>207</ymax>
		</bndbox>
	</object>
</annotation>
