<annotation>
	<folder></folder>
	<filename>213_jpg.rf.0ccb3118c98dd1478cf20d333129f980.jpg</filename>
	<path>213_jpg.rf.0ccb3118c98dd1478cf20d333129f980.jpg</path>
	<source>
		<database>roboflow.ai</database>
	</source>
	<size>
		<width>416</width>
		<height>416</height>
		<depth>3</depth>
	</size>
	<segmented>0</segmented>
	<object>
		<name>0</name>
		<pose>Unspecified</pose>
		<truncated>0</truncated>
		<difficult>0</difficult>
		<occluded>0</occluded>
		<bndbox>
			<xmin>43</xmin>
			<xmax>63</xmax>
			<ymin>45</ymin>
			<ymax>65</ymax>
		</bndbox>
	</object>
</annotation>
