<annotation>
	<folder></folder>
	<filename>214_jpg.rf.7dab7a3380ad61cd0a40fca4b0fa8d41.jpg</filename>
	<path>214_jpg.rf.7dab7a3380ad61cd0a40fca4b0fa8d41.jpg</path>
	<source>
		<database>roboflow.ai</database>
	</source>
	<size>
		<width>416</width>
		<height>416</height>
		<depth>3</depth>
	</size>
	<segmented>0</segmented>
	<object>
		<name>0</name>
		<pose>Unspecified</pose>
		<truncated>0</truncated>
		<difficult>0</difficult>
		<occluded>0</occluded>
		<bndbox>
			<xmin>222</xmin>
			<xmax>243</xmax>
			<ymin>191</ymin>
			<ymax>223</ymax>
		</bndbox>
	</object>
</annotation>
