<annotation>
	<folder></folder>
	<filename>215_jpg.rf.36b59446b11bc50019f04736d9896599.jpg</filename>
	<path>215_jpg.rf.36b59446b11bc50019f04736d9896599.jpg</path>
	<source>
		<database>roboflow.ai</database>
	</source>
	<size>
		<width>416</width>
		<height>416</height>
		<depth>3</depth>
	</size>
	<segmented>0</segmented>
	<object>
		<name>0</name>
		<pose>Unspecified</pose>
		<truncated>0</truncated>
		<difficult>0</difficult>
		<occluded>0</occluded>
		<bndbox>
			<xmin>225</xmin>
			<xmax>256</xmax>
			<ymin>219</ymin>
			<ymax>263</ymax>
		</bndbox>
	</object>
</annotation>
