<annotation>
	<folder></folder>
	<filename>216_jpg.rf.f1f7ec3fb3dc5223857b9c652a379b6b.jpg</filename>
	<path>216_jpg.rf.f1f7ec3fb3dc5223857b9c652a379b6b.jpg</path>
	<source>
		<database>roboflow.ai</database>
	</source>
	<size>
		<width>416</width>
		<height>416</height>
		<depth>3</depth>
	</size>
	<segmented>0</segmented>
	<object>
		<name>0</name>
		<pose>Unspecified</pose>
		<truncated>0</truncated>
		<difficult>0</difficult>
		<occluded>0</occluded>
		<bndbox>
			<xmin>43</xmin>
			<xmax>351</xmax>
			<ymin>58</ymin>
			<ymax>405</ymax>
		</bndbox>
	</object>
</annotation>
