<annotation>
	<folder></folder>
	<filename>218_jpg.rf.392c9ba2ce85b3862c06b595ab927a9f.jpg</filename>
	<path>218_jpg.rf.392c9ba2ce85b3862c06b595ab927a9f.jpg</path>
	<source>
		<database>roboflow.ai</database>
	</source>
	<size>
		<width>416</width>
		<height>416</height>
		<depth>3</depth>
	</size>
	<segmented>0</segmented>
	<object>
		<name>0</name>
		<pose>Unspecified</pose>
		<truncated>0</truncated>
		<difficult>0</difficult>
		<occluded>0</occluded>
		<bndbox>
			<xmin>139</xmin>
			<xmax>185</xmax>
			<ymin>260</ymin>
			<ymax>304</ymax>
		</bndbox>
	</object>
</annotation>
