<annotation>
	<folder></folder>
	<filename>21_jpg.rf.5f9c41aec55edc7b3eb32582d3d256f7.jpg</filename>
	<path>21_jpg.rf.5f9c41aec55edc7b3eb32582d3d256f7.jpg</path>
	<source>
		<database>roboflow.ai</database>
	</source>
	<size>
		<width>416</width>
		<height>416</height>
		<depth>3</depth>
	</size>
	<segmented>0</segmented>
	<object>
		<name>0</name>
		<pose>Unspecified</pose>
		<truncated>0</truncated>
		<difficult>0</difficult>
		<occluded>0</occluded>
		<bndbox>
			<xmin>193</xmin>
			<xmax>262</xmax>
			<ymin>227</ymin>
			<ymax>287</ymax>
		</bndbox>
	</object>
</annotation>
