<annotation>
	<folder></folder>
	<filename>220_jpg.rf.841a5ceaf2f11bef7aed9ddcb9a29535.jpg</filename>
	<path>220_jpg.rf.841a5ceaf2f11bef7aed9ddcb9a29535.jpg</path>
	<source>
		<database>roboflow.ai</database>
	</source>
	<size>
		<width>416</width>
		<height>416</height>
		<depth>3</depth>
	</size>
	<segmented>0</segmented>
	<object>
		<name>0</name>
		<pose>Unspecified</pose>
		<truncated>0</truncated>
		<difficult>0</difficult>
		<occluded>0</occluded>
		<bndbox>
			<xmin>195</xmin>
			<xmax>226</xmax>
			<ymin>202</ymin>
			<ymax>232</ymax>
		</bndbox>
	</object>
</annotation>
