<annotation>
	<folder></folder>
	<filename>221_jpg.rf.480cc8af9ed9832096f015e4cf0bb5ab.jpg</filename>
	<path>221_jpg.rf.480cc8af9ed9832096f015e4cf0bb5ab.jpg</path>
	<source>
		<database>roboflow.ai</database>
	</source>
	<size>
		<width>416</width>
		<height>416</height>
		<depth>3</depth>
	</size>
	<segmented>0</segmented>
	<object>
		<name>0</name>
		<pose>Unspecified</pose>
		<truncated>0</truncated>
		<difficult>0</difficult>
		<occluded>0</occluded>
		<bndbox>
			<xmin>219</xmin>
			<xmax>235</xmax>
			<ymin>7</ymin>
			<ymax>25</ymax>
		</bndbox>
	</object>
</annotation>
