<annotation>
	<folder></folder>
	<filename>222_jpg.rf.ec0b370d833094e9a463b8d7e44fb67e.jpg</filename>
	<path>222_jpg.rf.ec0b370d833094e9a463b8d7e44fb67e.jpg</path>
	<source>
		<database>roboflow.ai</database>
	</source>
	<size>
		<width>416</width>
		<height>416</height>
		<depth>3</depth>
	</size>
	<segmented>0</segmented>
	<object>
		<name>0</name>
		<pose>Unspecified</pose>
		<truncated>0</truncated>
		<difficult>0</difficult>
		<occluded>0</occluded>
		<bndbox>
			<xmin>200</xmin>
			<xmax>255</xmax>
			<ymin>174</ymin>
			<ymax>269</ymax>
		</bndbox>
	</object>
	<object>
		<name>0</name>
		<pose>Unspecified</pose>
		<truncated>0</truncated>
		<difficult>0</difficult>
		<occluded>0</occluded>
		<bndbox>
			<xmin>242</xmin>
			<xmax>356</xmax>
			<ymin>71</ymin>
			<ymax>254</ymax>
		</bndbox>
	</object>
</annotation>
