<annotation>
	<folder></folder>
	<filename>224_jpg.rf.510cc16bf2acb5ee1a8f27a8ef5ad9e7.jpg</filename>
	<path>224_jpg.rf.510cc16bf2acb5ee1a8f27a8ef5ad9e7.jpg</path>
	<source>
		<database>roboflow.ai</database>
	</source>
	<size>
		<width>416</width>
		<height>416</height>
		<depth>3</depth>
	</size>
	<segmented>0</segmented>
	<object>
		<name>0</name>
		<pose>Unspecified</pose>
		<truncated>0</truncated>
		<difficult>0</difficult>
		<occluded>0</occluded>
		<bndbox>
			<xmin>116</xmin>
			<xmax>291</xmax>
			<ymin>67</ymin>
			<ymax>356</ymax>
		</bndbox>
	</object>
</annotation>
