<annotation>
	<folder></folder>
	<filename>225_jpg.rf.e9a48f2b08f81629fc96aef2f9fb1dec.jpg</filename>
	<path>225_jpg.rf.e9a48f2b08f81629fc96aef2f9fb1dec.jpg</path>
	<source>
		<database>roboflow.ai</database>
	</source>
	<size>
		<width>416</width>
		<height>416</height>
		<depth>3</depth>
	</size>
	<segmented>0</segmented>
	<object>
		<name>0</name>
		<pose>Unspecified</pose>
		<truncated>0</truncated>
		<difficult>0</difficult>
		<occluded>0</occluded>
		<bndbox>
			<xmin>187</xmin>
			<xmax>215</xmax>
			<ymin>191</ymin>
			<ymax>220</ymax>
		</bndbox>
	</object>
</annotation>
