<annotation>
	<folder></folder>
	<filename>227_jpg.rf.be5dedd70b96d67998c885ab7bd23823.jpg</filename>
	<path>227_jpg.rf.be5dedd70b96d67998c885ab7bd23823.jpg</path>
	<source>
		<database>roboflow.ai</database>
	</source>
	<size>
		<width>416</width>
		<height>416</height>
		<depth>3</depth>
	</size>
	<segmented>0</segmented>
	<object>
		<name>0</name>
		<pose>Unspecified</pose>
		<truncated>0</truncated>
		<difficult>0</difficult>
		<occluded>0</occluded>
		<bndbox>
			<xmin>214</xmin>
			<xmax>229</xmax>
			<ymin>147</ymin>
			<ymax>167</ymax>
		</bndbox>
	</object>
</annotation>
