<annotation>
	<folder></folder>
	<filename>228_jpg.rf.81274633cddb1fd3a65ed2e71e7c3bc1.jpg</filename>
	<path>228_jpg.rf.81274633cddb1fd3a65ed2e71e7c3bc1.jpg</path>
	<source>
		<database>roboflow.ai</database>
	</source>
	<size>
		<width>416</width>
		<height>416</height>
		<depth>3</depth>
	</size>
	<segmented>0</segmented>
	<object>
		<name>0</name>
		<pose>Unspecified</pose>
		<truncated>0</truncated>
		<difficult>0</difficult>
		<occluded>0</occluded>
		<bndbox>
			<xmin>234</xmin>
			<xmax>262</xmax>
			<ymin>172</ymin>
			<ymax>200</ymax>
		</bndbox>
	</object>
</annotation>
