<annotation>
	<folder></folder>
	<filename>229_jpg.rf.a383ff0917dd51d75a2a6d52b03048ee.jpg</filename>
	<path>229_jpg.rf.a383ff0917dd51d75a2a6d52b03048ee.jpg</path>
	<source>
		<database>roboflow.ai</database>
	</source>
	<size>
		<width>416</width>
		<height>416</height>
		<depth>3</depth>
	</size>
	<segmented>0</segmented>
	<object>
		<name>0</name>
		<pose>Unspecified</pose>
		<truncated>0</truncated>
		<difficult>0</difficult>
		<occluded>0</occluded>
		<bndbox>
			<xmin>210</xmin>
			<xmax>230</xmax>
			<ymin>248</ymin>
			<ymax>270</ymax>
		</bndbox>
	</object>
</annotation>
