<annotation>
	<folder></folder>
	<filename>233_jpg.rf.78d3778000afe0057a853abbb3a28691.jpg</filename>
	<path>233_jpg.rf.78d3778000afe0057a853abbb3a28691.jpg</path>
	<source>
		<database>roboflow.ai</database>
	</source>
	<size>
		<width>416</width>
		<height>416</height>
		<depth>3</depth>
	</size>
	<segmented>0</segmented>
	<object>
		<name>0</name>
		<pose>Unspecified</pose>
		<truncated>0</truncated>
		<difficult>0</difficult>
		<occluded>0</occluded>
		<bndbox>
			<xmin>255</xmin>
			<xmax>294</xmax>
			<ymin>122</ymin>
			<ymax>166</ymax>
		</bndbox>
	</object>
</annotation>
