<annotation>
	<folder></folder>
	<filename>234_jpg.rf.d573479b645f8d24c17575b90cff4bac.jpg</filename>
	<path>234_jpg.rf.d573479b645f8d24c17575b90cff4bac.jpg</path>
	<source>
		<database>roboflow.ai</database>
	</source>
	<size>
		<width>416</width>
		<height>416</height>
		<depth>3</depth>
	</size>
	<segmented>0</segmented>
	<object>
		<name>0</name>
		<pose>Unspecified</pose>
		<truncated>0</truncated>
		<difficult>0</difficult>
		<occluded>0</occluded>
		<bndbox>
			<xmin>186</xmin>
			<xmax>214</xmax>
			<ymin>332</ymin>
			<ymax>357</ymax>
		</bndbox>
	</object>
</annotation>
