<annotation>
	<folder></folder>
	<filename>235_jpg.rf.75206a966dc763626769e7bf8aeb06e5.jpg</filename>
	<path>235_jpg.rf.75206a966dc763626769e7bf8aeb06e5.jpg</path>
	<source>
		<database>roboflow.ai</database>
	</source>
	<size>
		<width>416</width>
		<height>416</height>
		<depth>3</depth>
	</size>
	<segmented>0</segmented>
	<object>
		<name>0</name>
		<pose>Unspecified</pose>
		<truncated>0</truncated>
		<difficult>0</difficult>
		<occluded>0</occluded>
		<bndbox>
			<xmin>168</xmin>
			<xmax>340</xmax>
			<ymin>105</ymin>
			<ymax>321</ymax>
		</bndbox>
	</object>
</annotation>
