<annotation>
	<folder></folder>
	<filename>236_jpg.rf.11fe6e0a4840f89a0aba30a13fb20002.jpg</filename>
	<path>236_jpg.rf.11fe6e0a4840f89a0aba30a13fb20002.jpg</path>
	<source>
		<database>roboflow.ai</database>
	</source>
	<size>
		<width>416</width>
		<height>416</height>
		<depth>3</depth>
	</size>
	<segmented>0</segmented>
	<object>
		<name>0</name>
		<pose>Unspecified</pose>
		<truncated>0</truncated>
		<difficult>0</difficult>
		<occluded>0</occluded>
		<bndbox>
			<xmin>228</xmin>
			<xmax>245</xmax>
			<ymin>120</ymin>
			<ymax>141</ymax>
		</bndbox>
	</object>
</annotation>
