<annotation>
	<folder></folder>
	<filename>237_jpg.rf.d1df6f8d4dcdf951dcb4d8bffbfc8345.jpg</filename>
	<path>237_jpg.rf.d1df6f8d4dcdf951dcb4d8bffbfc8345.jpg</path>
	<source>
		<database>roboflow.ai</database>
	</source>
	<size>
		<width>416</width>
		<height>416</height>
		<depth>3</depth>
	</size>
	<segmented>0</segmented>
	<object>
		<name>0</name>
		<pose>Unspecified</pose>
		<truncated>0</truncated>
		<difficult>0</difficult>
		<occluded>0</occluded>
		<bndbox>
			<xmin>73</xmin>
			<xmax>373</xmax>
			<ymin>131</ymin>
			<ymax>363</ymax>
		</bndbox>
	</object>
</annotation>
