<annotation>
	<folder></folder>
	<filename>238_jpg.rf.af5920bd55e70375f6f6b96a60ef5534.jpg</filename>
	<path>238_jpg.rf.af5920bd55e70375f6f6b96a60ef5534.jpg</path>
	<source>
		<database>roboflow.ai</database>
	</source>
	<size>
		<width>416</width>
		<height>416</height>
		<depth>3</depth>
	</size>
	<segmented>0</segmented>
	<object>
		<name>0</name>
		<pose>Unspecified</pose>
		<truncated>0</truncated>
		<difficult>0</difficult>
		<occluded>0</occluded>
		<bndbox>
			<xmin>165</xmin>
			<xmax>240</xmax>
			<ymin>154</ymin>
			<ymax>284</ymax>
		</bndbox>
	</object>
	<object>
		<name>0</name>
		<pose>Unspecified</pose>
		<truncated>0</truncated>
		<difficult>0</difficult>
		<occluded>0</occluded>
		<bndbox>
			<xmin>270</xmin>
			<xmax>402</xmax>
			<ymin>6</ymin>
			<ymax>256</ymax>
		</bndbox>
	</object>
</annotation>
