<annotation>
	<folder></folder>
	<filename>239_jpg.rf.b180dc3428ab2d32c42ed2feb8338d05.jpg</filename>
	<path>239_jpg.rf.b180dc3428ab2d32c42ed2feb8338d05.jpg</path>
	<source>
		<database>roboflow.ai</database>
	</source>
	<size>
		<width>416</width>
		<height>416</height>
		<depth>3</depth>
	</size>
	<segmented>0</segmented>
	<object>
		<name>0</name>
		<pose>Unspecified</pose>
		<truncated>0</truncated>
		<difficult>0</difficult>
		<occluded>0</occluded>
		<bndbox>
			<xmin>104</xmin>
			<xmax>132</xmax>
			<ymin>71</ymin>
			<ymax>102</ymax>
		</bndbox>
	</object>
</annotation>
