<annotation>
	<folder></folder>
	<filename>242_jpg.rf.1eebc1907969b970db4e0508e3dad34f.jpg</filename>
	<path>242_jpg.rf.1eebc1907969b970db4e0508e3dad34f.jpg</path>
	<source>
		<database>roboflow.ai</database>
	</source>
	<size>
		<width>416</width>
		<height>416</height>
		<depth>3</depth>
	</size>
	<segmented>0</segmented>
	<object>
		<name>0</name>
		<pose>Unspecified</pose>
		<truncated>0</truncated>
		<difficult>0</difficult>
		<occluded>0</occluded>
		<bndbox>
			<xmin>320</xmin>
			<xmax>380</xmax>
			<ymin>72</ymin>
			<ymax>141</ymax>
		</bndbox>
	</object>
</annotation>
