<annotation>
	<folder></folder>
	<filename>243_jpg.rf.0d22be8118dd8a1760c595860f4455a3.jpg</filename>
	<path>243_jpg.rf.0d22be8118dd8a1760c595860f4455a3.jpg</path>
	<source>
		<database>roboflow.ai</database>
	</source>
	<size>
		<width>416</width>
		<height>416</height>
		<depth>3</depth>
	</size>
	<segmented>0</segmented>
	<object>
		<name>0</name>
		<pose>Unspecified</pose>
		<truncated>0</truncated>
		<difficult>0</difficult>
		<occluded>0</occluded>
		<bndbox>
			<xmin>146</xmin>
			<xmax>200</xmax>
			<ymin>234</ymin>
			<ymax>304</ymax>
		</bndbox>
	</object>
</annotation>
