<annotation>
	<folder></folder>
	<filename>244_jpg.rf.a8596e1caaa705551f29375fc1acf678.jpg</filename>
	<path>244_jpg.rf.a8596e1caaa705551f29375fc1acf678.jpg</path>
	<source>
		<database>roboflow.ai</database>
	</source>
	<size>
		<width>416</width>
		<height>416</height>
		<depth>3</depth>
	</size>
	<segmented>0</segmented>
	<object>
		<name>0</name>
		<pose>Unspecified</pose>
		<truncated>0</truncated>
		<difficult>0</difficult>
		<occluded>0</occluded>
		<bndbox>
			<xmin>124</xmin>
			<xmax>291</xmax>
			<ymin>114</ymin>
			<ymax>280</ymax>
		</bndbox>
	</object>
</annotation>
