<annotation>
	<folder></folder>
	<filename>251_jpg.rf.b80e6a612af433750860a5076404226f.jpg</filename>
	<path>251_jpg.rf.b80e6a612af433750860a5076404226f.jpg</path>
	<source>
		<database>roboflow.ai</database>
	</source>
	<size>
		<width>416</width>
		<height>416</height>
		<depth>3</depth>
	</size>
	<segmented>0</segmented>
	<object>
		<name>0</name>
		<pose>Unspecified</pose>
		<truncated>0</truncated>
		<difficult>0</difficult>
		<occluded>0</occluded>
		<bndbox>
			<xmin>161</xmin>
			<xmax>240</xmax>
			<ymin>126</ymin>
			<ymax>190</ymax>
		</bndbox>
	</object>
</annotation>
