<annotation>
	<folder></folder>
	<filename>252_jpg.rf.8223be63daa97775818256bae5689f6a.jpg</filename>
	<path>252_jpg.rf.8223be63daa97775818256bae5689f6a.jpg</path>
	<source>
		<database>roboflow.ai</database>
	</source>
	<size>
		<width>416</width>
		<height>416</height>
		<depth>3</depth>
	</size>
	<segmented>0</segmented>
	<object>
		<name>0</name>
		<pose>Unspecified</pose>
		<truncated>0</truncated>
		<difficult>0</difficult>
		<occluded>0</occluded>
		<bndbox>
			<xmin>254</xmin>
			<xmax>307</xmax>
			<ymin>120</ymin>
			<ymax>193</ymax>
		</bndbox>
	</object>
</annotation>
