<annotation>
	<folder></folder>
	<filename>253_jpg.rf.1fcab1b4d8a5178af62aed3789147c69.jpg</filename>
	<path>253_jpg.rf.1fcab1b4d8a5178af62aed3789147c69.jpg</path>
	<source>
		<database>roboflow.ai</database>
	</source>
	<size>
		<width>416</width>
		<height>416</height>
		<depth>3</depth>
	</size>
	<segmented>0</segmented>
	<object>
		<name>0</name>
		<pose>Unspecified</pose>
		<truncated>0</truncated>
		<difficult>0</difficult>
		<occluded>0</occluded>
		<bndbox>
			<xmin>311</xmin>
			<xmax>349</xmax>
			<ymin>251</ymin>
			<ymax>291</ymax>
		</bndbox>
	</object>
</annotation>
