<annotation>
	<folder></folder>
	<filename>255_jpg.rf.ecc539a0182cd00900018160b3c01034.jpg</filename>
	<path>255_jpg.rf.ecc539a0182cd00900018160b3c01034.jpg</path>
	<source>
		<database>roboflow.ai</database>
	</source>
	<size>
		<width>416</width>
		<height>416</height>
		<depth>3</depth>
	</size>
	<segmented>0</segmented>
	<object>
		<name>0</name>
		<pose>Unspecified</pose>
		<truncated>0</truncated>
		<difficult>0</difficult>
		<occluded>0</occluded>
		<bndbox>
			<xmin>99</xmin>
			<xmax>225</xmax>
			<ymin>30</ymin>
			<ymax>128</ymax>
		</bndbox>
	</object>
</annotation>
