<annotation>
	<folder></folder>
	<filename>257_jpg.rf.63d0553ae61ad79b1abf8ec2daf162fd.jpg</filename>
	<path>257_jpg.rf.63d0553ae61ad79b1abf8ec2daf162fd.jpg</path>
	<source>
		<database>roboflow.ai</database>
	</source>
	<size>
		<width>416</width>
		<height>416</height>
		<depth>3</depth>
	</size>
	<segmented>0</segmented>
	<object>
		<name>0</name>
		<pose>Unspecified</pose>
		<truncated>0</truncated>
		<difficult>0</difficult>
		<occluded>0</occluded>
		<bndbox>
			<xmin>130</xmin>
			<xmax>225</xmax>
			<ymin>96</ymin>
			<ymax>182</ymax>
		</bndbox>
	</object>
</annotation>
