<annotation>
	<folder></folder>
	<filename>258_jpg.rf.51dee6e877a1e5cef8e1c62359a24463.jpg</filename>
	<path>258_jpg.rf.51dee6e877a1e5cef8e1c62359a24463.jpg</path>
	<source>
		<database>roboflow.ai</database>
	</source>
	<size>
		<width>416</width>
		<height>416</height>
		<depth>3</depth>
	</size>
	<segmented>0</segmented>
	<object>
		<name>0</name>
		<pose>Unspecified</pose>
		<truncated>0</truncated>
		<difficult>0</difficult>
		<occluded>0</occluded>
		<bndbox>
			<xmin>137</xmin>
			<xmax>319</xmax>
			<ymin>57</ymin>
			<ymax>268</ymax>
		</bndbox>
	</object>
</annotation>
