<annotation>
	<folder></folder>
	<filename>25_jpg.rf.de9a8714488038e93e927ca1118bd21f.jpg</filename>
	<path>25_jpg.rf.de9a8714488038e93e927ca1118bd21f.jpg</path>
	<source>
		<database>roboflow.ai</database>
	</source>
	<size>
		<width>416</width>
		<height>416</height>
		<depth>3</depth>
	</size>
	<segmented>0</segmented>
	<object>
		<name>0</name>
		<pose>Unspecified</pose>
		<truncated>0</truncated>
		<difficult>0</difficult>
		<occluded>0</occluded>
		<bndbox>
			<xmin>176</xmin>
			<xmax>222</xmax>
			<ymin>87</ymin>
			<ymax>137</ymax>
		</bndbox>
	</object>
</annotation>
