<annotation>
	<folder></folder>
	<filename>260_jpg.rf.4781647733a2201252ba337872297d14.jpg</filename>
	<path>260_jpg.rf.4781647733a2201252ba337872297d14.jpg</path>
	<source>
		<database>roboflow.ai</database>
	</source>
	<size>
		<width>416</width>
		<height>416</height>
		<depth>3</depth>
	</size>
	<segmented>0</segmented>
	<object>
		<name>0</name>
		<pose>Unspecified</pose>
		<truncated>0</truncated>
		<difficult>0</difficult>
		<occluded>0</occluded>
		<bndbox>
			<xmin>107</xmin>
			<xmax>167</xmax>
			<ymin>52</ymin>
			<ymax>107</ymax>
		</bndbox>
	</object>
	<object>
		<name>0</name>
		<pose>Unspecified</pose>
		<truncated>0</truncated>
		<difficult>0</difficult>
		<occluded>0</occluded>
		<bndbox>
			<xmin>239</xmin>
			<xmax>291</xmax>
			<ymin>44</ymin>
			<ymax>100</ymax>
		</bndbox>
	</object>
</annotation>
