<annotation>
	<folder></folder>
	<filename>264_jpg.rf.ffd7106a3f5cf186421bad863314cb29.jpg</filename>
	<path>264_jpg.rf.ffd7106a3f5cf186421bad863314cb29.jpg</path>
	<source>
		<database>roboflow.ai</database>
	</source>
	<size>
		<width>416</width>
		<height>416</height>
		<depth>3</depth>
	</size>
	<segmented>0</segmented>
	<object>
		<name>0</name>
		<pose>Unspecified</pose>
		<truncated>0</truncated>
		<difficult>0</difficult>
		<occluded>0</occluded>
		<bndbox>
			<xmin>105</xmin>
			<xmax>187</xmax>
			<ymin>172</ymin>
			<ymax>248</ymax>
		</bndbox>
	</object>
</annotation>
