<annotation>
	<folder></folder>
	<filename>265_jpg.rf.3e95246076d64a86ce2b9a715533b063.jpg</filename>
	<path>265_jpg.rf.3e95246076d64a86ce2b9a715533b063.jpg</path>
	<source>
		<database>roboflow.ai</database>
	</source>
	<size>
		<width>416</width>
		<height>416</height>
		<depth>3</depth>
	</size>
	<segmented>0</segmented>
	<object>
		<name>0</name>
		<pose>Unspecified</pose>
		<truncated>0</truncated>
		<difficult>0</difficult>
		<occluded>0</occluded>
		<bndbox>
			<xmin>115</xmin>
			<xmax>137</xmax>
			<ymin>40</ymin>
			<ymax>64</ymax>
		</bndbox>
	</object>
</annotation>
