<annotation>
	<folder></folder>
	<filename>267_jpg.rf.7b33697a8b465dd68fc6f1eded27d804.jpg</filename>
	<path>267_jpg.rf.7b33697a8b465dd68fc6f1eded27d804.jpg</path>
	<source>
		<database>roboflow.ai</database>
	</source>
	<size>
		<width>416</width>
		<height>416</height>
		<depth>3</depth>
	</size>
	<segmented>0</segmented>
	<object>
		<name>0</name>
		<pose>Unspecified</pose>
		<truncated>0</truncated>
		<difficult>0</difficult>
		<occluded>0</occluded>
		<bndbox>
			<xmin>194</xmin>
			<xmax>226</xmax>
			<ymin>195</ymin>
			<ymax>229</ymax>
		</bndbox>
	</object>
</annotation>
