<annotation>
	<folder></folder>
	<filename>268_jpg.rf.5fa9f5f5a192a186070188aeb89ee566.jpg</filename>
	<path>268_jpg.rf.5fa9f5f5a192a186070188aeb89ee566.jpg</path>
	<source>
		<database>roboflow.ai</database>
	</source>
	<size>
		<width>416</width>
		<height>416</height>
		<depth>3</depth>
	</size>
	<segmented>0</segmented>
	<object>
		<name>0</name>
		<pose>Unspecified</pose>
		<truncated>0</truncated>
		<difficult>0</difficult>
		<occluded>0</occluded>
		<bndbox>
			<xmin>17</xmin>
			<xmax>69</xmax>
			<ymin>65</ymin>
			<ymax>131</ymax>
		</bndbox>
	</object>
</annotation>
