<annotation>
	<folder></folder>
	<filename>269_jpg.rf.a239a24db18fd3cb71668a19a43a4520.jpg</filename>
	<path>269_jpg.rf.a239a24db18fd3cb71668a19a43a4520.jpg</path>
	<source>
		<database>roboflow.ai</database>
	</source>
	<size>
		<width>416</width>
		<height>416</height>
		<depth>3</depth>
	</size>
	<segmented>0</segmented>
	<object>
		<name>0</name>
		<pose>Unspecified</pose>
		<truncated>0</truncated>
		<difficult>0</difficult>
		<occluded>0</occluded>
		<bndbox>
			<xmin>178</xmin>
			<xmax>372</xmax>
			<ymin>80</ymin>
			<ymax>281</ymax>
		</bndbox>
	</object>
</annotation>
