<annotation>
	<folder></folder>
	<filename>26_jpg.rf.4e3b30d53c6bf4eed7d2c7f0eb2fa0c3.jpg</filename>
	<path>26_jpg.rf.4e3b30d53c6bf4eed7d2c7f0eb2fa0c3.jpg</path>
	<source>
		<database>roboflow.ai</database>
	</source>
	<size>
		<width>416</width>
		<height>416</height>
		<depth>3</depth>
	</size>
	<segmented>0</segmented>
	<object>
		<name>0</name>
		<pose>Unspecified</pose>
		<truncated>0</truncated>
		<difficult>0</difficult>
		<occluded>0</occluded>
		<bndbox>
			<xmin>116</xmin>
			<xmax>127</xmax>
			<ymin>95</ymin>
			<ymax>111</ymax>
		</bndbox>
	</object>
</annotation>
