<annotation>
	<folder></folder>
	<filename>271_jpg.rf.9df999681ba89803d455adc03be783a6.jpg</filename>
	<path>271_jpg.rf.9df999681ba89803d455adc03be783a6.jpg</path>
	<source>
		<database>roboflow.ai</database>
	</source>
	<size>
		<width>416</width>
		<height>416</height>
		<depth>3</depth>
	</size>
	<segmented>0</segmented>
	<object>
		<name>0</name>
		<pose>Unspecified</pose>
		<truncated>0</truncated>
		<difficult>0</difficult>
		<occluded>0</occluded>
		<bndbox>
			<xmin>134</xmin>
			<xmax>296</xmax>
			<ymin>135</ymin>
			<ymax>280</ymax>
		</bndbox>
	</object>
</annotation>
