<annotation>
	<folder></folder>
	<filename>272_jpg.rf.4e9bf57ff4b39e977d883d66cf9925e3.jpg</filename>
	<path>272_jpg.rf.4e9bf57ff4b39e977d883d66cf9925e3.jpg</path>
	<source>
		<database>roboflow.ai</database>
	</source>
	<size>
		<width>416</width>
		<height>416</height>
		<depth>3</depth>
	</size>
	<segmented>0</segmented>
	<object>
		<name>0</name>
		<pose>Unspecified</pose>
		<truncated>0</truncated>
		<difficult>0</difficult>
		<occluded>0</occluded>
		<bndbox>
			<xmin>197</xmin>
			<xmax>255</xmax>
			<ymin>248</ymin>
			<ymax>300</ymax>
		</bndbox>
	</object>
</annotation>
