<annotation>
	<folder></folder>
	<filename>273_jpg.rf.a361d2ddfc80f02f5748080976b1b101.jpg</filename>
	<path>273_jpg.rf.a361d2ddfc80f02f5748080976b1b101.jpg</path>
	<source>
		<database>roboflow.ai</database>
	</source>
	<size>
		<width>416</width>
		<height>416</height>
		<depth>3</depth>
	</size>
	<segmented>0</segmented>
	<object>
		<name>0</name>
		<pose>Unspecified</pose>
		<truncated>0</truncated>
		<difficult>0</difficult>
		<occluded>0</occluded>
		<bndbox>
			<xmin>260</xmin>
			<xmax>276</xmax>
			<ymin>93</ymin>
			<ymax>111</ymax>
		</bndbox>
	</object>
</annotation>
