<annotation>
	<folder></folder>
	<filename>274_jpg.rf.85b4072688ebf9ef19d15915e0089d51.jpg</filename>
	<path>274_jpg.rf.85b4072688ebf9ef19d15915e0089d51.jpg</path>
	<source>
		<database>roboflow.ai</database>
	</source>
	<size>
		<width>416</width>
		<height>416</height>
		<depth>3</depth>
	</size>
	<segmented>0</segmented>
	<object>
		<name>0</name>
		<pose>Unspecified</pose>
		<truncated>0</truncated>
		<difficult>0</difficult>
		<occluded>0</occluded>
		<bndbox>
			<xmin>76</xmin>
			<xmax>302</xmax>
			<ymin>66</ymin>
			<ymax>288</ymax>
		</bndbox>
	</object>
</annotation>
