<annotation>
	<folder></folder>
	<filename>275_jpg.rf.11c4c7c9efc9932e6ead9e5aae177585.jpg</filename>
	<path>275_jpg.rf.11c4c7c9efc9932e6ead9e5aae177585.jpg</path>
	<source>
		<database>roboflow.ai</database>
	</source>
	<size>
		<width>416</width>
		<height>416</height>
		<depth>3</depth>
	</size>
	<segmented>0</segmented>
	<object>
		<name>0</name>
		<pose>Unspecified</pose>
		<truncated>0</truncated>
		<difficult>0</difficult>
		<occluded>0</occluded>
		<bndbox>
			<xmin>247</xmin>
			<xmax>293</xmax>
			<ymin>164</ymin>
			<ymax>216</ymax>
		</bndbox>
	</object>
</annotation>
