<annotation>
	<folder></folder>
	<filename>279_jpg.rf.923415a01ac4559a765ce19d394c338b.jpg</filename>
	<path>279_jpg.rf.923415a01ac4559a765ce19d394c338b.jpg</path>
	<source>
		<database>roboflow.ai</database>
	</source>
	<size>
		<width>416</width>
		<height>416</height>
		<depth>3</depth>
	</size>
	<segmented>0</segmented>
	<object>
		<name>0</name>
		<pose>Unspecified</pose>
		<truncated>0</truncated>
		<difficult>0</difficult>
		<occluded>0</occluded>
		<bndbox>
			<xmin>66</xmin>
			<xmax>360</xmax>
			<ymin>77</ymin>
			<ymax>358</ymax>
		</bndbox>
	</object>
</annotation>
