<annotation>
	<folder></folder>
	<filename>27_jpg.rf.c7f0b70199b5660c9666b090aee9ced4.jpg</filename>
	<path>27_jpg.rf.c7f0b70199b5660c9666b090aee9ced4.jpg</path>
	<source>
		<database>roboflow.ai</database>
	</source>
	<size>
		<width>416</width>
		<height>416</height>
		<depth>3</depth>
	</size>
	<segmented>0</segmented>
	<object>
		<name>0</name>
		<pose>Unspecified</pose>
		<truncated>0</truncated>
		<difficult>0</difficult>
		<occluded>0</occluded>
		<bndbox>
			<xmin>178</xmin>
			<xmax>199</xmax>
			<ymin>186</ymin>
			<ymax>212</ymax>
		</bndbox>
	</object>
</annotation>
