<annotation>
	<folder></folder>
	<filename>281_jpg.rf.1c06bca12c188cb96b3614fe9e370824.jpg</filename>
	<path>281_jpg.rf.1c06bca12c188cb96b3614fe9e370824.jpg</path>
	<source>
		<database>roboflow.ai</database>
	</source>
	<size>
		<width>416</width>
		<height>416</height>
		<depth>3</depth>
	</size>
	<segmented>0</segmented>
	<object>
		<name>0</name>
		<pose>Unspecified</pose>
		<truncated>0</truncated>
		<difficult>0</difficult>
		<occluded>0</occluded>
		<bndbox>
			<xmin>72</xmin>
			<xmax>398</xmax>
			<ymin>69</ymin>
			<ymax>385</ymax>
		</bndbox>
	</object>
</annotation>
