<annotation>
	<folder></folder>
	<filename>283_jpg.rf.0140fb0afbea22c63cc92c5933e881be.jpg</filename>
	<path>283_jpg.rf.0140fb0afbea22c63cc92c5933e881be.jpg</path>
	<source>
		<database>roboflow.ai</database>
	</source>
	<size>
		<width>416</width>
		<height>416</height>
		<depth>3</depth>
	</size>
	<segmented>0</segmented>
	<object>
		<name>0</name>
		<pose>Unspecified</pose>
		<truncated>0</truncated>
		<difficult>0</difficult>
		<occluded>0</occluded>
		<bndbox>
			<xmin>218</xmin>
			<xmax>252</xmax>
			<ymin>139</ymin>
			<ymax>173</ymax>
		</bndbox>
	</object>
</annotation>
