<annotation>
	<folder></folder>
	<filename>284_jpg.rf.2216e708a7dc3196a110e9d3671d96a5.jpg</filename>
	<path>284_jpg.rf.2216e708a7dc3196a110e9d3671d96a5.jpg</path>
	<source>
		<database>roboflow.ai</database>
	</source>
	<size>
		<width>416</width>
		<height>416</height>
		<depth>3</depth>
	</size>
	<segmented>0</segmented>
	<object>
		<name>0</name>
		<pose>Unspecified</pose>
		<truncated>0</truncated>
		<difficult>0</difficult>
		<occluded>0</occluded>
		<bndbox>
			<xmin>185</xmin>
			<xmax>250</xmax>
			<ymin>98</ymin>
			<ymax>160</ymax>
		</bndbox>
	</object>
</annotation>
