<annotation>
	<folder></folder>
	<filename>285_jpg.rf.86d7182557ec5f9ddf9ebe6673ee3b35.jpg</filename>
	<path>285_jpg.rf.86d7182557ec5f9ddf9ebe6673ee3b35.jpg</path>
	<source>
		<database>roboflow.ai</database>
	</source>
	<size>
		<width>416</width>
		<height>416</height>
		<depth>3</depth>
	</size>
	<segmented>0</segmented>
	<object>
		<name>0</name>
		<pose>Unspecified</pose>
		<truncated>0</truncated>
		<difficult>0</difficult>
		<occluded>0</occluded>
		<bndbox>
			<xmin>154</xmin>
			<xmax>238</xmax>
			<ymin>112</ymin>
			<ymax>229</ymax>
		</bndbox>
	</object>
</annotation>
