<annotation>
	<folder></folder>
	<filename>287_jpg.rf.b635f3a027466f763456f02b95b65a5e.jpg</filename>
	<path>287_jpg.rf.b635f3a027466f763456f02b95b65a5e.jpg</path>
	<source>
		<database>roboflow.ai</database>
	</source>
	<size>
		<width>416</width>
		<height>416</height>
		<depth>3</depth>
	</size>
	<segmented>0</segmented>
	<object>
		<name>0</name>
		<pose>Unspecified</pose>
		<truncated>0</truncated>
		<difficult>0</difficult>
		<occluded>0</occluded>
		<bndbox>
			<xmin>280</xmin>
			<xmax>353</xmax>
			<ymin>212</ymin>
			<ymax>267</ymax>
		</bndbox>
	</object>
</annotation>
