<annotation>
	<folder></folder>
	<filename>288_jpg.rf.8d5b17b538feaeb361fd0f013325fe87.jpg</filename>
	<path>288_jpg.rf.8d5b17b538feaeb361fd0f013325fe87.jpg</path>
	<source>
		<database>roboflow.ai</database>
	</source>
	<size>
		<width>416</width>
		<height>416</height>
		<depth>3</depth>
	</size>
	<segmented>0</segmented>
	<object>
		<name>0</name>
		<pose>Unspecified</pose>
		<truncated>0</truncated>
		<difficult>0</difficult>
		<occluded>0</occluded>
		<bndbox>
			<xmin>212</xmin>
			<xmax>232</xmax>
			<ymin>113</ymin>
			<ymax>132</ymax>
		</bndbox>
	</object>
</annotation>
