<annotation>
	<folder></folder>
	<filename>28_jpg.rf.f444d954c744d28d3cbfadb4920f355a.jpg</filename>
	<path>28_jpg.rf.f444d954c744d28d3cbfadb4920f355a.jpg</path>
	<source>
		<database>roboflow.ai</database>
	</source>
	<size>
		<width>416</width>
		<height>416</height>
		<depth>3</depth>
	</size>
	<segmented>0</segmented>
	<object>
		<name>0</name>
		<pose>Unspecified</pose>
		<truncated>0</truncated>
		<difficult>0</difficult>
		<occluded>0</occluded>
		<bndbox>
			<xmin>172</xmin>
			<xmax>232</xmax>
			<ymin>53</ymin>
			<ymax>109</ymax>
		</bndbox>
	</object>
</annotation>
