<annotation>
	<folder></folder>
	<filename>290_jpg.rf.13efc07eae3871b3f1951cfec960ecea.jpg</filename>
	<path>290_jpg.rf.13efc07eae3871b3f1951cfec960ecea.jpg</path>
	<source>
		<database>roboflow.ai</database>
	</source>
	<size>
		<width>416</width>
		<height>416</height>
		<depth>3</depth>
	</size>
	<segmented>0</segmented>
	<object>
		<name>0</name>
		<pose>Unspecified</pose>
		<truncated>0</truncated>
		<difficult>0</difficult>
		<occluded>0</occluded>
		<bndbox>
			<xmin>174</xmin>
			<xmax>309</xmax>
			<ymin>130</ymin>
			<ymax>256</ymax>
		</bndbox>
	</object>
</annotation>
