<annotation>
	<folder></folder>
	<filename>293_jpg.rf.b879876d534137d8e3caa9af8b2e46dd.jpg</filename>
	<path>293_jpg.rf.b879876d534137d8e3caa9af8b2e46dd.jpg</path>
	<source>
		<database>roboflow.ai</database>
	</source>
	<size>
		<width>416</width>
		<height>416</height>
		<depth>3</depth>
	</size>
	<segmented>0</segmented>
	<object>
		<name>0</name>
		<pose>Unspecified</pose>
		<truncated>0</truncated>
		<difficult>0</difficult>
		<occluded>0</occluded>
		<bndbox>
			<xmin>195</xmin>
			<xmax>266</xmax>
			<ymin>158</ymin>
			<ymax>244</ymax>
		</bndbox>
	</object>
</annotation>
