<annotation>
	<folder></folder>
	<filename>294_jpg.rf.939388267a84b3998cd8a61e0a059e8e.jpg</filename>
	<path>294_jpg.rf.939388267a84b3998cd8a61e0a059e8e.jpg</path>
	<source>
		<database>roboflow.ai</database>
	</source>
	<size>
		<width>416</width>
		<height>416</height>
		<depth>3</depth>
	</size>
	<segmented>0</segmented>
	<object>
		<name>0</name>
		<pose>Unspecified</pose>
		<truncated>0</truncated>
		<difficult>0</difficult>
		<occluded>0</occluded>
		<bndbox>
			<xmin>218</xmin>
			<xmax>286</xmax>
			<ymin>275</ymin>
			<ymax>352</ymax>
		</bndbox>
	</object>
</annotation>
