<annotation>
	<folder></folder>
	<filename>296_jpg.rf.f27fcb2d7c77fc6a03e594c36e8f98fb.jpg</filename>
	<path>296_jpg.rf.f27fcb2d7c77fc6a03e594c36e8f98fb.jpg</path>
	<source>
		<database>roboflow.ai</database>
	</source>
	<size>
		<width>416</width>
		<height>416</height>
		<depth>3</depth>
	</size>
	<segmented>0</segmented>
	<object>
		<name>0</name>
		<pose>Unspecified</pose>
		<truncated>0</truncated>
		<difficult>0</difficult>
		<occluded>0</occluded>
		<bndbox>
			<xmin>202</xmin>
			<xmax>318</xmax>
			<ymin>10</ymin>
			<ymax>191</ymax>
		</bndbox>
	</object>
</annotation>
