<annotation>
	<folder></folder>
	<filename>297_jpg.rf.1026b03d9ae753fa11abc9cb734411c6.jpg</filename>
	<path>297_jpg.rf.1026b03d9ae753fa11abc9cb734411c6.jpg</path>
	<source>
		<database>roboflow.ai</database>
	</source>
	<size>
		<width>416</width>
		<height>416</height>
		<depth>3</depth>
	</size>
	<segmented>0</segmented>
	<object>
		<name>0</name>
		<pose>Unspecified</pose>
		<truncated>0</truncated>
		<difficult>0</difficult>
		<occluded>0</occluded>
		<bndbox>
			<xmin>62</xmin>
			<xmax>115</xmax>
			<ymin>91</ymin>
			<ymax>143</ymax>
		</bndbox>
	</object>
	<object>
		<name>0</name>
		<pose>Unspecified</pose>
		<truncated>0</truncated>
		<difficult>0</difficult>
		<occluded>0</occluded>
		<bndbox>
			<xmin>224</xmin>
			<xmax>270</xmax>
			<ymin>141</ymin>
			<ymax>175</ymax>
		</bndbox>
	</object>
</annotation>
