<annotation>
	<folder></folder>
	<filename>298_jpg.rf.662d27927c0312cb293c4a539c57acb1.jpg</filename>
	<path>298_jpg.rf.662d27927c0312cb293c4a539c57acb1.jpg</path>
	<source>
		<database>roboflow.ai</database>
	</source>
	<size>
		<width>416</width>
		<height>416</height>
		<depth>3</depth>
	</size>
	<segmented>0</segmented>
	<object>
		<name>0</name>
		<pose>Unspecified</pose>
		<truncated>0</truncated>
		<difficult>0</difficult>
		<occluded>0</occluded>
		<bndbox>
			<xmin>181</xmin>
			<xmax>219</xmax>
			<ymin>167</ymin>
			<ymax>198</ymax>
		</bndbox>
	</object>
</annotation>
