<annotation>
	<folder></folder>
	<filename>299_jpg.rf.2b07eca952d70b013ec9cc6b88ccfa2a.jpg</filename>
	<path>299_jpg.rf.2b07eca952d70b013ec9cc6b88ccfa2a.jpg</path>
	<source>
		<database>roboflow.ai</database>
	</source>
	<size>
		<width>416</width>
		<height>416</height>
		<depth>3</depth>
	</size>
	<segmented>0</segmented>
	<object>
		<name>0</name>
		<pose>Unspecified</pose>
		<truncated>0</truncated>
		<difficult>0</difficult>
		<occluded>0</occluded>
		<bndbox>
			<xmin>115</xmin>
			<xmax>297</xmax>
			<ymin>120</ymin>
			<ymax>269</ymax>
		</bndbox>
	</object>
</annotation>
