<annotation>
	<folder></folder>
	<filename>29_jpg.rf.1eb0a6d7f9c3e7b0a2e70121b913fea2.jpg</filename>
	<path>29_jpg.rf.1eb0a6d7f9c3e7b0a2e70121b913fea2.jpg</path>
	<source>
		<database>roboflow.ai</database>
	</source>
	<size>
		<width>416</width>
		<height>416</height>
		<depth>3</depth>
	</size>
	<segmented>0</segmented>
	<object>
		<name>0</name>
		<pose>Unspecified</pose>
		<truncated>0</truncated>
		<difficult>0</difficult>
		<occluded>0</occluded>
		<bndbox>
			<xmin>287</xmin>
			<xmax>355</xmax>
			<ymin>216</ymin>
			<ymax>276</ymax>
		</bndbox>
	</object>
</annotation>
