<annotation>
	<folder></folder>
	<filename>2_jpg.rf.ab2ef99010917b1c5df8f8e929e2409a.jpg</filename>
	<path>2_jpg.rf.ab2ef99010917b1c5df8f8e929e2409a.jpg</path>
	<source>
		<database>roboflow.ai</database>
	</source>
	<size>
		<width>416</width>
		<height>416</height>
		<depth>3</depth>
	</size>
	<segmented>0</segmented>
	<object>
		<name>0</name>
		<pose>Unspecified</pose>
		<truncated>0</truncated>
		<difficult>0</difficult>
		<occluded>0</occluded>
		<bndbox>
			<xmin>274</xmin>
			<xmax>315</xmax>
			<ymin>186</ymin>
			<ymax>226</ymax>
		</bndbox>
	</object>
</annotation>
