<annotation>
	<folder></folder>
	<filename>301_jpg.rf.14f8a939c69aacf61194bea00abd89cb.jpg</filename>
	<path>301_jpg.rf.14f8a939c69aacf61194bea00abd89cb.jpg</path>
	<source>
		<database>roboflow.ai</database>
	</source>
	<size>
		<width>416</width>
		<height>416</height>
		<depth>3</depth>
	</size>
	<segmented>0</segmented>
	<object>
		<name>0</name>
		<pose>Unspecified</pose>
		<truncated>0</truncated>
		<difficult>0</difficult>
		<occluded>0</occluded>
		<bndbox>
			<xmin>162</xmin>
			<xmax>229</xmax>
			<ymin>209</ymin>
			<ymax>276</ymax>
		</bndbox>
	</object>
</annotation>
