<annotation>
	<folder></folder>
	<filename>305_jpg.rf.fabb6cb8827a3cdbf1e6a556d5d6cda0.jpg</filename>
	<path>305_jpg.rf.fabb6cb8827a3cdbf1e6a556d5d6cda0.jpg</path>
	<source>
		<database>roboflow.ai</database>
	</source>
	<size>
		<width>416</width>
		<height>416</height>
		<depth>3</depth>
	</size>
	<segmented>0</segmented>
	<object>
		<name>0</name>
		<pose>Unspecified</pose>
		<truncated>0</truncated>
		<difficult>0</difficult>
		<occluded>0</occluded>
		<bndbox>
			<xmin>177</xmin>
			<xmax>270</xmax>
			<ymin>116</ymin>
			<ymax>236</ymax>
		</bndbox>
	</object>
</annotation>
