<annotation>
	<folder></folder>
	<filename>306_jpg.rf.c0ab6e4200f725ad763a2921dc7fcc2d.jpg</filename>
	<path>306_jpg.rf.c0ab6e4200f725ad763a2921dc7fcc2d.jpg</path>
	<source>
		<database>roboflow.ai</database>
	</source>
	<size>
		<width>416</width>
		<height>416</height>
		<depth>3</depth>
	</size>
	<segmented>0</segmented>
	<object>
		<name>0</name>
		<pose>Unspecified</pose>
		<truncated>0</truncated>
		<difficult>0</difficult>
		<occluded>0</occluded>
		<bndbox>
			<xmin>41</xmin>
			<xmax>145</xmax>
			<ymin>169</ymin>
			<ymax>256</ymax>
		</bndbox>
	</object>
</annotation>
