<annotation>
	<folder></folder>
	<filename>307_jpg.rf.907c31ae07b8fdea2c148d23f49a563c.jpg</filename>
	<path>307_jpg.rf.907c31ae07b8fdea2c148d23f49a563c.jpg</path>
	<source>
		<database>roboflow.ai</database>
	</source>
	<size>
		<width>416</width>
		<height>416</height>
		<depth>3</depth>
	</size>
	<segmented>0</segmented>
	<object>
		<name>0</name>
		<pose>Unspecified</pose>
		<truncated>0</truncated>
		<difficult>0</difficult>
		<occluded>0</occluded>
		<bndbox>
			<xmin>300</xmin>
			<xmax>362</xmax>
			<ymin>145</ymin>
			<ymax>262</ymax>
		</bndbox>
	</object>
</annotation>
