<annotation>
	<folder></folder>
	<filename>309_jpg.rf.3a51df68fb5d65e459d82f5f4e3a3150.jpg</filename>
	<path>309_jpg.rf.3a51df68fb5d65e459d82f5f4e3a3150.jpg</path>
	<source>
		<database>roboflow.ai</database>
	</source>
	<size>
		<width>416</width>
		<height>416</height>
		<depth>3</depth>
	</size>
	<segmented>0</segmented>
	<object>
		<name>0</name>
		<pose>Unspecified</pose>
		<truncated>0</truncated>
		<difficult>0</difficult>
		<occluded>0</occluded>
		<bndbox>
			<xmin>155</xmin>
			<xmax>180</xmax>
			<ymin>106</ymin>
			<ymax>133</ymax>
		</bndbox>
	</object>
</annotation>
