<annotation>
	<folder></folder>
	<filename>30_jpg.rf.2f3f3928a2682820646f9bafef04863d.jpg</filename>
	<path>30_jpg.rf.2f3f3928a2682820646f9bafef04863d.jpg</path>
	<source>
		<database>roboflow.ai</database>
	</source>
	<size>
		<width>416</width>
		<height>416</height>
		<depth>3</depth>
	</size>
	<segmented>0</segmented>
	<object>
		<name>0</name>
		<pose>Unspecified</pose>
		<truncated>0</truncated>
		<difficult>0</difficult>
		<occluded>0</occluded>
		<bndbox>
			<xmin>62</xmin>
			<xmax>387</xmax>
			<ymin>85</ymin>
			<ymax>304</ymax>
		</bndbox>
	</object>
</annotation>
