<annotation>
	<folder></folder>
	<filename>310_jpg.rf.e9b5e878c86485e3c9eb08234c2f3bba.jpg</filename>
	<path>310_jpg.rf.e9b5e878c86485e3c9eb08234c2f3bba.jpg</path>
	<source>
		<database>roboflow.ai</database>
	</source>
	<size>
		<width>416</width>
		<height>416</height>
		<depth>3</depth>
	</size>
	<segmented>0</segmented>
	<object>
		<name>0</name>
		<pose>Unspecified</pose>
		<truncated>0</truncated>
		<difficult>0</difficult>
		<occluded>0</occluded>
		<bndbox>
			<xmin>92</xmin>
			<xmax>217</xmax>
			<ymin>108</ymin>
			<ymax>219</ymax>
		</bndbox>
	</object>
</annotation>
