<annotation>
	<folder></folder>
	<filename>311_jpg.rf.6ec00d79bde8ece1bdfcc92f779b8535.jpg</filename>
	<path>311_jpg.rf.6ec00d79bde8ece1bdfcc92f779b8535.jpg</path>
	<source>
		<database>roboflow.ai</database>
	</source>
	<size>
		<width>416</width>
		<height>416</height>
		<depth>3</depth>
	</size>
	<segmented>0</segmented>
	<object>
		<name>0</name>
		<pose>Unspecified</pose>
		<truncated>0</truncated>
		<difficult>0</difficult>
		<occluded>0</occluded>
		<bndbox>
			<xmin>103</xmin>
			<xmax>173</xmax>
			<ymin>181</ymin>
			<ymax>274</ymax>
		</bndbox>
	</object>
</annotation>
