<annotation>
	<folder></folder>
	<filename>312_jpg.rf.a6dbc8b3aa51709e33659cb9d8668d3e.jpg</filename>
	<path>312_jpg.rf.a6dbc8b3aa51709e33659cb9d8668d3e.jpg</path>
	<source>
		<database>roboflow.ai</database>
	</source>
	<size>
		<width>416</width>
		<height>416</height>
		<depth>3</depth>
	</size>
	<segmented>0</segmented>
	<object>
		<name>0</name>
		<pose>Unspecified</pose>
		<truncated>0</truncated>
		<difficult>0</difficult>
		<occluded>0</occluded>
		<bndbox>
			<xmin>263</xmin>
			<xmax>297</xmax>
			<ymin>171</ymin>
			<ymax>205</ymax>
		</bndbox>
	</object>
</annotation>
