<annotation>
	<folder></folder>
	<filename>313_jpg.rf.61daac19449907992a81b00305e62000.jpg</filename>
	<path>313_jpg.rf.61daac19449907992a81b00305e62000.jpg</path>
	<source>
		<database>roboflow.ai</database>
	</source>
	<size>
		<width>416</width>
		<height>416</height>
		<depth>3</depth>
	</size>
	<segmented>0</segmented>
	<object>
		<name>0</name>
		<pose>Unspecified</pose>
		<truncated>0</truncated>
		<difficult>0</difficult>
		<occluded>0</occluded>
		<bndbox>
			<xmin>101</xmin>
			<xmax>323</xmax>
			<ymin>116</ymin>
			<ymax>274</ymax>
		</bndbox>
	</object>
</annotation>
