<annotation>
	<folder></folder>
	<filename>315_jpg.rf.6121d5e9401a70d054cb1bc06951ae85.jpg</filename>
	<path>315_jpg.rf.6121d5e9401a70d054cb1bc06951ae85.jpg</path>
	<source>
		<database>roboflow.ai</database>
	</source>
	<size>
		<width>416</width>
		<height>416</height>
		<depth>3</depth>
	</size>
	<segmented>0</segmented>
	<object>
		<name>0</name>
		<pose>Unspecified</pose>
		<truncated>0</truncated>
		<difficult>0</difficult>
		<occluded>0</occluded>
		<bndbox>
			<xmin>162</xmin>
			<xmax>189</xmax>
			<ymin>210</ymin>
			<ymax>236</ymax>
		</bndbox>
	</object>
</annotation>
