<annotation>
	<folder></folder>
	<filename>316_jpg.rf.a4506f2247c94981f3b1ba1883adc6de.jpg</filename>
	<path>316_jpg.rf.a4506f2247c94981f3b1ba1883adc6de.jpg</path>
	<source>
		<database>roboflow.ai</database>
	</source>
	<size>
		<width>416</width>
		<height>416</height>
		<depth>3</depth>
	</size>
	<segmented>0</segmented>
	<object>
		<name>0</name>
		<pose>Unspecified</pose>
		<truncated>0</truncated>
		<difficult>0</difficult>
		<occluded>0</occluded>
		<bndbox>
			<xmin>28</xmin>
			<xmax>331</xmax>
			<ymin>68</ymin>
			<ymax>269</ymax>
		</bndbox>
	</object>
</annotation>
