<annotation>
	<folder></folder>
	<filename>318_jpg.rf.b0c1ed329d2b8ed6bb7883be7d637b87.jpg</filename>
	<path>318_jpg.rf.b0c1ed329d2b8ed6bb7883be7d637b87.jpg</path>
	<source>
		<database>roboflow.ai</database>
	</source>
	<size>
		<width>416</width>
		<height>416</height>
		<depth>3</depth>
	</size>
	<segmented>0</segmented>
	<object>
		<name>0</name>
		<pose>Unspecified</pose>
		<truncated>0</truncated>
		<difficult>0</difficult>
		<occluded>0</occluded>
		<bndbox>
			<xmin>72</xmin>
			<xmax>399</xmax>
			<ymin>56</ymin>
			<ymax>334</ymax>
		</bndbox>
	</object>
</annotation>
