<annotation>
	<folder></folder>
	<filename>31_jpg.rf.57a4f95ef37402d11a4228d4b6560424.jpg</filename>
	<path>31_jpg.rf.57a4f95ef37402d11a4228d4b6560424.jpg</path>
	<source>
		<database>roboflow.ai</database>
	</source>
	<size>
		<width>416</width>
		<height>416</height>
		<depth>3</depth>
	</size>
	<segmented>0</segmented>
	<object>
		<name>0</name>
		<pose>Unspecified</pose>
		<truncated>0</truncated>
		<difficult>0</difficult>
		<occluded>0</occluded>
		<bndbox>
			<xmin>148</xmin>
			<xmax>161</xmax>
			<ymin>167</ymin>
			<ymax>178</ymax>
		</bndbox>
	</object>
</annotation>
