<annotation>
	<folder></folder>
	<filename>320_jpg.rf.56f0e65fd4fd22ca2154eca7abe60ad8.jpg</filename>
	<path>320_jpg.rf.56f0e65fd4fd22ca2154eca7abe60ad8.jpg</path>
	<source>
		<database>roboflow.ai</database>
	</source>
	<size>
		<width>416</width>
		<height>416</height>
		<depth>3</depth>
	</size>
	<segmented>0</segmented>
	<object>
		<name>0</name>
		<pose>Unspecified</pose>
		<truncated>0</truncated>
		<difficult>0</difficult>
		<occluded>0</occluded>
		<bndbox>
			<xmin>183</xmin>
			<xmax>270</xmax>
			<ymin>147</ymin>
			<ymax>216</ymax>
		</bndbox>
	</object>
</annotation>
