<annotation>
	<folder></folder>
	<filename>321_jpg.rf.4d34fda7852492deab7cf997eeb789e0.jpg</filename>
	<path>321_jpg.rf.4d34fda7852492deab7cf997eeb789e0.jpg</path>
	<source>
		<database>roboflow.ai</database>
	</source>
	<size>
		<width>416</width>
		<height>416</height>
		<depth>3</depth>
	</size>
	<segmented>0</segmented>
	<object>
		<name>0</name>
		<pose>Unspecified</pose>
		<truncated>0</truncated>
		<difficult>0</difficult>
		<occluded>0</occluded>
		<bndbox>
			<xmin>13</xmin>
			<xmax>377</xmax>
			<ymin>22</ymin>
			<ymax>403</ymax>
		</bndbox>
	</object>
</annotation>
