<annotation>
	<folder></folder>
	<filename>322_jpg.rf.46eed140d273e26f086322b7d5c26a19.jpg</filename>
	<path>322_jpg.rf.46eed140d273e26f086322b7d5c26a19.jpg</path>
	<source>
		<database>roboflow.ai</database>
	</source>
	<size>
		<width>416</width>
		<height>416</height>
		<depth>3</depth>
	</size>
	<segmented>0</segmented>
	<object>
		<name>0</name>
		<pose>Unspecified</pose>
		<truncated>0</truncated>
		<difficult>0</difficult>
		<occluded>0</occluded>
		<bndbox>
			<xmin>143</xmin>
			<xmax>195</xmax>
			<ymin>302</ymin>
			<ymax>364</ymax>
		</bndbox>
	</object>
</annotation>
