<annotation>
	<folder></folder>
	<filename>323_jpg.rf.edc459381f540f65f642a0dbafd2d723.jpg</filename>
	<path>323_jpg.rf.edc459381f540f65f642a0dbafd2d723.jpg</path>
	<source>
		<database>roboflow.ai</database>
	</source>
	<size>
		<width>416</width>
		<height>416</height>
		<depth>3</depth>
	</size>
	<segmented>0</segmented>
	<object>
		<name>0</name>
		<pose>Unspecified</pose>
		<truncated>0</truncated>
		<difficult>0</difficult>
		<occluded>0</occluded>
		<bndbox>
			<xmin>253</xmin>
			<xmax>290</xmax>
			<ymin>216</ymin>
			<ymax>256</ymax>
		</bndbox>
	</object>
</annotation>
