<annotation>
	<folder></folder>
	<filename>324_jpg.rf.eac4f971e28f905725baddca90333e57.jpg</filename>
	<path>324_jpg.rf.eac4f971e28f905725baddca90333e57.jpg</path>
	<source>
		<database>roboflow.ai</database>
	</source>
	<size>
		<width>416</width>
		<height>416</height>
		<depth>3</depth>
	</size>
	<segmented>0</segmented>
	<object>
		<name>0</name>
		<pose>Unspecified</pose>
		<truncated>0</truncated>
		<difficult>0</difficult>
		<occluded>0</occluded>
		<bndbox>
			<xmin>65</xmin>
			<xmax>135</xmax>
			<ymin>71</ymin>
			<ymax>165</ymax>
		</bndbox>
	</object>
</annotation>
