<annotation>
	<folder></folder>
	<filename>325_jpg.rf.5f8e4815693adb54dcfdab16fdf6b617.jpg</filename>
	<path>325_jpg.rf.5f8e4815693adb54dcfdab16fdf6b617.jpg</path>
	<source>
		<database>roboflow.ai</database>
	</source>
	<size>
		<width>416</width>
		<height>416</height>
		<depth>3</depth>
	</size>
	<segmented>0</segmented>
	<object>
		<name>0</name>
		<pose>Unspecified</pose>
		<truncated>0</truncated>
		<difficult>0</difficult>
		<occluded>0</occluded>
		<bndbox>
			<xmin>91</xmin>
			<xmax>362</xmax>
			<ymin>97</ymin>
			<ymax>297</ymax>
		</bndbox>
	</object>
</annotation>
