<annotation>
	<folder></folder>
	<filename>328_jpg.rf.98068e80f569d7ad5835bb7332a09fba.jpg</filename>
	<path>328_jpg.rf.98068e80f569d7ad5835bb7332a09fba.jpg</path>
	<source>
		<database>roboflow.ai</database>
	</source>
	<size>
		<width>416</width>
		<height>416</height>
		<depth>3</depth>
	</size>
	<segmented>0</segmented>
	<object>
		<name>0</name>
		<pose>Unspecified</pose>
		<truncated>0</truncated>
		<difficult>0</difficult>
		<occluded>0</occluded>
		<bndbox>
			<xmin>286</xmin>
			<xmax>321</xmax>
			<ymin>218</ymin>
			<ymax>261</ymax>
		</bndbox>
	</object>
</annotation>
