<annotation>
	<folder></folder>
	<filename>329_jpg.rf.2e8a2df2fe556360c4da63be367c0da6.jpg</filename>
	<path>329_jpg.rf.2e8a2df2fe556360c4da63be367c0da6.jpg</path>
	<source>
		<database>roboflow.ai</database>
	</source>
	<size>
		<width>416</width>
		<height>416</height>
		<depth>3</depth>
	</size>
	<segmented>0</segmented>
	<object>
		<name>0</name>
		<pose>Unspecified</pose>
		<truncated>0</truncated>
		<difficult>0</difficult>
		<occluded>0</occluded>
		<bndbox>
			<xmin>107</xmin>
			<xmax>319</xmax>
			<ymin>96</ymin>
			<ymax>296</ymax>
		</bndbox>
	</object>
</annotation>
