<annotation>
	<folder></folder>
	<filename>32_jpg.rf.3bc22d28fefecc548a29d721d145bf39.jpg</filename>
	<path>32_jpg.rf.3bc22d28fefecc548a29d721d145bf39.jpg</path>
	<source>
		<database>roboflow.ai</database>
	</source>
	<size>
		<width>416</width>
		<height>416</height>
		<depth>3</depth>
	</size>
	<segmented>0</segmented>
	<object>
		<name>0</name>
		<pose>Unspecified</pose>
		<truncated>0</truncated>
		<difficult>0</difficult>
		<occluded>0</occluded>
		<bndbox>
			<xmin>177</xmin>
			<xmax>200</xmax>
			<ymin>191</ymin>
			<ymax>212</ymax>
		</bndbox>
	</object>
</annotation>
