<annotation>
	<folder></folder>
	<filename>330_jpg.rf.aae166810b6f9075b0582508d0de6ba3.jpg</filename>
	<path>330_jpg.rf.aae166810b6f9075b0582508d0de6ba3.jpg</path>
	<source>
		<database>roboflow.ai</database>
	</source>
	<size>
		<width>416</width>
		<height>416</height>
		<depth>3</depth>
	</size>
	<segmented>0</segmented>
	<object>
		<name>0</name>
		<pose>Unspecified</pose>
		<truncated>0</truncated>
		<difficult>0</difficult>
		<occluded>0</occluded>
		<bndbox>
			<xmin>220</xmin>
			<xmax>243</xmax>
			<ymin>171</ymin>
			<ymax>194</ymax>
		</bndbox>
	</object>
</annotation>
