<annotation>
	<folder></folder>
	<filename>331_jpg.rf.8f4d766c7ccbe09da2d24a789e5f27a4.jpg</filename>
	<path>331_jpg.rf.8f4d766c7ccbe09da2d24a789e5f27a4.jpg</path>
	<source>
		<database>roboflow.ai</database>
	</source>
	<size>
		<width>416</width>
		<height>416</height>
		<depth>3</depth>
	</size>
	<segmented>0</segmented>
	<object>
		<name>0</name>
		<pose>Unspecified</pose>
		<truncated>0</truncated>
		<difficult>0</difficult>
		<occluded>0</occluded>
		<bndbox>
			<xmin>122</xmin>
			<xmax>187</xmax>
			<ymin>129</ymin>
			<ymax>187</ymax>
		</bndbox>
	</object>
</annotation>
