<annotation>
	<folder></folder>
	<filename>332_jpg.rf.1e500bb0d880ee2133be417991996f69.jpg</filename>
	<path>332_jpg.rf.1e500bb0d880ee2133be417991996f69.jpg</path>
	<source>
		<database>roboflow.ai</database>
	</source>
	<size>
		<width>416</width>
		<height>416</height>
		<depth>3</depth>
	</size>
	<segmented>0</segmented>
	<object>
		<name>0</name>
		<pose>Unspecified</pose>
		<truncated>0</truncated>
		<difficult>0</difficult>
		<occluded>0</occluded>
		<bndbox>
			<xmin>171</xmin>
			<xmax>327</xmax>
			<ymin>133</ymin>
			<ymax>276</ymax>
		</bndbox>
	</object>
</annotation>
