<annotation>
	<folder></folder>
	<filename>333_jpg.rf.6d049933e44cf48162b26ab62e5166a6.jpg</filename>
	<path>333_jpg.rf.6d049933e44cf48162b26ab62e5166a6.jpg</path>
	<source>
		<database>roboflow.ai</database>
	</source>
	<size>
		<width>416</width>
		<height>416</height>
		<depth>3</depth>
	</size>
	<segmented>0</segmented>
	<object>
		<name>0</name>
		<pose>Unspecified</pose>
		<truncated>0</truncated>
		<difficult>0</difficult>
		<occluded>0</occluded>
		<bndbox>
			<xmin>162</xmin>
			<xmax>257</xmax>
			<ymin>122</ymin>
			<ymax>216</ymax>
		</bndbox>
	</object>
</annotation>
