<annotation>
	<folder></folder>
	<filename>334_jpg.rf.5709e82d075b547597ee5ba51fc1a10f.jpg</filename>
	<path>334_jpg.rf.5709e82d075b547597ee5ba51fc1a10f.jpg</path>
	<source>
		<database>roboflow.ai</database>
	</source>
	<size>
		<width>416</width>
		<height>416</height>
		<depth>3</depth>
	</size>
	<segmented>0</segmented>
	<object>
		<name>0</name>
		<pose>Unspecified</pose>
		<truncated>0</truncated>
		<difficult>0</difficult>
		<occluded>0</occluded>
		<bndbox>
			<xmin>104</xmin>
			<xmax>146</xmax>
			<ymin>136</ymin>
			<ymax>176</ymax>
		</bndbox>
	</object>
</annotation>
