<annotation>
	<folder></folder>
	<filename>335_jpg.rf.beb954cae4c450eb633d462bc59a9985.jpg</filename>
	<path>335_jpg.rf.beb954cae4c450eb633d462bc59a9985.jpg</path>
	<source>
		<database>roboflow.ai</database>
	</source>
	<size>
		<width>416</width>
		<height>416</height>
		<depth>3</depth>
	</size>
	<segmented>0</segmented>
	<object>
		<name>0</name>
		<pose>Unspecified</pose>
		<truncated>0</truncated>
		<difficult>0</difficult>
		<occluded>0</occluded>
		<bndbox>
			<xmin>302</xmin>
			<xmax>347</xmax>
			<ymin>209</ymin>
			<ymax>255</ymax>
		</bndbox>
	</object>
</annotation>
