<annotation>
	<folder></folder>
	<filename>336_jpg.rf.e7244d0ec312859725c001bfe47c1bef.jpg</filename>
	<path>336_jpg.rf.e7244d0ec312859725c001bfe47c1bef.jpg</path>
	<source>
		<database>roboflow.ai</database>
	</source>
	<size>
		<width>416</width>
		<height>416</height>
		<depth>3</depth>
	</size>
	<segmented>0</segmented>
	<object>
		<name>0</name>
		<pose>Unspecified</pose>
		<truncated>0</truncated>
		<difficult>0</difficult>
		<occluded>0</occluded>
		<bndbox>
			<xmin>147</xmin>
			<xmax>228</xmax>
			<ymin>110</ymin>
			<ymax>211</ymax>
		</bndbox>
	</object>
</annotation>
