<annotation>
	<folder></folder>
	<filename>338_jpg.rf.f78f6754af623c22ad066c236ad58fb5.jpg</filename>
	<path>338_jpg.rf.f78f6754af623c22ad066c236ad58fb5.jpg</path>
	<source>
		<database>roboflow.ai</database>
	</source>
	<size>
		<width>416</width>
		<height>416</height>
		<depth>3</depth>
	</size>
	<segmented>0</segmented>
	<object>
		<name>0</name>
		<pose>Unspecified</pose>
		<truncated>0</truncated>
		<difficult>0</difficult>
		<occluded>0</occluded>
		<bndbox>
			<xmin>55</xmin>
			<xmax>139</xmax>
			<ymin>94</ymin>
			<ymax>159</ymax>
		</bndbox>
	</object>
	<object>
		<name>0</name>
		<pose>Unspecified</pose>
		<truncated>0</truncated>
		<difficult>0</difficult>
		<occluded>0</occluded>
		<bndbox>
			<xmin>211</xmin>
			<xmax>286</xmax>
			<ymin>164</ymin>
			<ymax>231</ymax>
		</bndbox>
	</object>
</annotation>
