<annotation>
	<folder></folder>
	<filename>339_jpg.rf.e6fb22dc8a5a04c28220b9c70879a586.jpg</filename>
	<path>339_jpg.rf.e6fb22dc8a5a04c28220b9c70879a586.jpg</path>
	<source>
		<database>roboflow.ai</database>
	</source>
	<size>
		<width>416</width>
		<height>416</height>
		<depth>3</depth>
	</size>
	<segmented>0</segmented>
	<object>
		<name>0</name>
		<pose>Unspecified</pose>
		<truncated>0</truncated>
		<difficult>0</difficult>
		<occluded>0</occluded>
		<bndbox>
			<xmin>209</xmin>
			<xmax>244</xmax>
			<ymin>185</ymin>
			<ymax>213</ymax>
		</bndbox>
	</object>
</annotation>
