<annotation>
	<folder></folder>
	<filename>340_jpg.rf.7a68ee383f1b88c6c14eccfd9d31ea60.jpg</filename>
	<path>340_jpg.rf.7a68ee383f1b88c6c14eccfd9d31ea60.jpg</path>
	<source>
		<database>roboflow.ai</database>
	</source>
	<size>
		<width>416</width>
		<height>416</height>
		<depth>3</depth>
	</size>
	<segmented>0</segmented>
	<object>
		<name>0</name>
		<pose>Unspecified</pose>
		<truncated>0</truncated>
		<difficult>0</difficult>
		<occluded>0</occluded>
		<bndbox>
			<xmin>143</xmin>
			<xmax>341</xmax>
			<ymin>47</ymin>
			<ymax>353</ymax>
		</bndbox>
	</object>
</annotation>
