<annotation>
	<folder></folder>
	<filename>341_jpg.rf.993efe2aa4a0688e7fcee9ca20f089b9.jpg</filename>
	<path>341_jpg.rf.993efe2aa4a0688e7fcee9ca20f089b9.jpg</path>
	<source>
		<database>roboflow.ai</database>
	</source>
	<size>
		<width>416</width>
		<height>416</height>
		<depth>3</depth>
	</size>
	<segmented>0</segmented>
	<object>
		<name>0</name>
		<pose>Unspecified</pose>
		<truncated>0</truncated>
		<difficult>0</difficult>
		<occluded>0</occluded>
		<bndbox>
			<xmin>192</xmin>
			<xmax>225</xmax>
			<ymin>189</ymin>
			<ymax>218</ymax>
		</bndbox>
	</object>
</annotation>
