<annotation>
	<folder></folder>
	<filename>342_jpg.rf.8e165a977f2c98e5be5c362ebd2ce5ae.jpg</filename>
	<path>342_jpg.rf.8e165a977f2c98e5be5c362ebd2ce5ae.jpg</path>
	<source>
		<database>roboflow.ai</database>
	</source>
	<size>
		<width>416</width>
		<height>416</height>
		<depth>3</depth>
	</size>
	<segmented>0</segmented>
	<object>
		<name>0</name>
		<pose>Unspecified</pose>
		<truncated>0</truncated>
		<difficult>0</difficult>
		<occluded>0</occluded>
		<bndbox>
			<xmin>67</xmin>
			<xmax>388</xmax>
			<ymin>43</ymin>
			<ymax>317</ymax>
		</bndbox>
	</object>
</annotation>
