<annotation>
	<folder></folder>
	<filename>345_jpg.rf.64c581c02de35c90d65e69e04525cc8b.jpg</filename>
	<path>345_jpg.rf.64c581c02de35c90d65e69e04525cc8b.jpg</path>
	<source>
		<database>roboflow.ai</database>
	</source>
	<size>
		<width>416</width>
		<height>416</height>
		<depth>3</depth>
	</size>
	<segmented>0</segmented>
	<object>
		<name>0</name>
		<pose>Unspecified</pose>
		<truncated>0</truncated>
		<difficult>0</difficult>
		<occluded>0</occluded>
		<bndbox>
			<xmin>220</xmin>
			<xmax>371</xmax>
			<ymin>317</ymin>
			<ymax>417</ymax>
		</bndbox>
	</object>
</annotation>
