<annotation>
	<folder></folder>
	<filename>348_jpg.rf.04b51f93efc6de66b7e855800f5665e3.jpg</filename>
	<path>348_jpg.rf.04b51f93efc6de66b7e855800f5665e3.jpg</path>
	<source>
		<database>roboflow.ai</database>
	</source>
	<size>
		<width>416</width>
		<height>416</height>
		<depth>3</depth>
	</size>
	<segmented>0</segmented>
	<object>
		<name>0</name>
		<pose>Unspecified</pose>
		<truncated>0</truncated>
		<difficult>0</difficult>
		<occluded>0</occluded>
		<bndbox>
			<xmin>223</xmin>
			<xmax>266</xmax>
			<ymin>300</ymin>
			<ymax>369</ymax>
		</bndbox>
	</object>
</annotation>
