<annotation>
	<folder></folder>
	<filename>350_jpg.rf.dfefa463e19ef3f113cafda4c5e265dd.jpg</filename>
	<path>350_jpg.rf.dfefa463e19ef3f113cafda4c5e265dd.jpg</path>
	<source>
		<database>roboflow.ai</database>
	</source>
	<size>
		<width>416</width>
		<height>416</height>
		<depth>3</depth>
	</size>
	<segmented>0</segmented>
	<object>
		<name>0</name>
		<pose>Unspecified</pose>
		<truncated>0</truncated>
		<difficult>0</difficult>
		<occluded>0</occluded>
		<bndbox>
			<xmin>211</xmin>
			<xmax>256</xmax>
			<ymin>303</ymin>
			<ymax>368</ymax>
		</bndbox>
	</object>
</annotation>
