<annotation>
	<folder></folder>
	<filename>351_jpg.rf.3522e057aae5f53238ce21f4c41fe20d.jpg</filename>
	<path>351_jpg.rf.3522e057aae5f53238ce21f4c41fe20d.jpg</path>
	<source>
		<database>roboflow.ai</database>
	</source>
	<size>
		<width>416</width>
		<height>416</height>
		<depth>3</depth>
	</size>
	<segmented>0</segmented>
	<object>
		<name>0</name>
		<pose>Unspecified</pose>
		<truncated>0</truncated>
		<difficult>0</difficult>
		<occluded>0</occluded>
		<bndbox>
			<xmin>214</xmin>
			<xmax>261</xmax>
			<ymin>302</ymin>
			<ymax>370</ymax>
		</bndbox>
	</object>
</annotation>
