<annotation>
	<folder></folder>
	<filename>352_jpg.rf.ab53bb0d1d1c2ed76c4e80d5bf4813b2.jpg</filename>
	<path>352_jpg.rf.ab53bb0d1d1c2ed76c4e80d5bf4813b2.jpg</path>
	<source>
		<database>roboflow.ai</database>
	</source>
	<size>
		<width>416</width>
		<height>416</height>
		<depth>3</depth>
	</size>
	<segmented>0</segmented>
	<object>
		<name>0</name>
		<pose>Unspecified</pose>
		<truncated>0</truncated>
		<difficult>0</difficult>
		<occluded>0</occluded>
		<bndbox>
			<xmin>222</xmin>
			<xmax>263</xmax>
			<ymin>307</ymin>
			<ymax>370</ymax>
		</bndbox>
	</object>
</annotation>
