<annotation>
	<folder></folder>
	<filename>353_jpg.rf.1cfa9918324000c8cf7ca1550f061607.jpg</filename>
	<path>353_jpg.rf.1cfa9918324000c8cf7ca1550f061607.jpg</path>
	<source>
		<database>roboflow.ai</database>
	</source>
	<size>
		<width>416</width>
		<height>416</height>
		<depth>3</depth>
	</size>
	<segmented>0</segmented>
	<object>
		<name>0</name>
		<pose>Unspecified</pose>
		<truncated>0</truncated>
		<difficult>0</difficult>
		<occluded>0</occluded>
		<bndbox>
			<xmin>225</xmin>
			<xmax>273</xmax>
			<ymin>314</ymin>
			<ymax>378</ymax>
		</bndbox>
	</object>
</annotation>
