<annotation>
	<folder></folder>
	<filename>354_jpg.rf.eca175123d7b175bf994f4fa3755832f.jpg</filename>
	<path>354_jpg.rf.eca175123d7b175bf994f4fa3755832f.jpg</path>
	<source>
		<database>roboflow.ai</database>
	</source>
	<size>
		<width>416</width>
		<height>416</height>
		<depth>3</depth>
	</size>
	<segmented>0</segmented>
	<object>
		<name>0</name>
		<pose>Unspecified</pose>
		<truncated>0</truncated>
		<difficult>0</difficult>
		<occluded>0</occluded>
		<bndbox>
			<xmin>238</xmin>
			<xmax>293</xmax>
			<ymin>320</ymin>
			<ymax>383</ymax>
		</bndbox>
	</object>
</annotation>
