<annotation>
	<folder></folder>
	<filename>355_jpg.rf.a27340d8b53fbd41145b95d0fbb384db.jpg</filename>
	<path>355_jpg.rf.a27340d8b53fbd41145b95d0fbb384db.jpg</path>
	<source>
		<database>roboflow.ai</database>
	</source>
	<size>
		<width>416</width>
		<height>416</height>
		<depth>3</depth>
	</size>
	<segmented>0</segmented>
	<object>
		<name>0</name>
		<pose>Unspecified</pose>
		<truncated>0</truncated>
		<difficult>0</difficult>
		<occluded>0</occluded>
		<bndbox>
			<xmin>252</xmin>
			<xmax>297</xmax>
			<ymin>319</ymin>
			<ymax>376</ymax>
		</bndbox>
	</object>
</annotation>
