<annotation>
	<folder></folder>
	<filename>356_jpg.rf.22107e1e890f907b5a6e378b9015951b.jpg</filename>
	<path>356_jpg.rf.22107e1e890f907b5a6e378b9015951b.jpg</path>
	<source>
		<database>roboflow.ai</database>
	</source>
	<size>
		<width>416</width>
		<height>416</height>
		<depth>3</depth>
	</size>
	<segmented>0</segmented>
	<object>
		<name>0</name>
		<pose>Unspecified</pose>
		<truncated>0</truncated>
		<difficult>0</difficult>
		<occluded>0</occluded>
		<bndbox>
			<xmin>268</xmin>
			<xmax>311</xmax>
			<ymin>301</ymin>
			<ymax>347</ymax>
		</bndbox>
	</object>
</annotation>
