<annotation>
	<folder></folder>
	<filename>357_jpg.rf.6a81d28ae9b872f7a215dbd59293a73c.jpg</filename>
	<path>357_jpg.rf.6a81d28ae9b872f7a215dbd59293a73c.jpg</path>
	<source>
		<database>roboflow.ai</database>
	</source>
	<size>
		<width>416</width>
		<height>416</height>
		<depth>3</depth>
	</size>
	<segmented>0</segmented>
	<object>
		<name>0</name>
		<pose>Unspecified</pose>
		<truncated>0</truncated>
		<difficult>0</difficult>
		<occluded>0</occluded>
		<bndbox>
			<xmin>274</xmin>
			<xmax>327</xmax>
			<ymin>282</ymin>
			<ymax>330</ymax>
		</bndbox>
	</object>
</annotation>
