<annotation>
	<folder></folder>
	<filename>358_jpg.rf.b6940213d10b25386dd1dbb2322fdae9.jpg</filename>
	<path>358_jpg.rf.b6940213d10b25386dd1dbb2322fdae9.jpg</path>
	<source>
		<database>roboflow.ai</database>
	</source>
	<size>
		<width>416</width>
		<height>416</height>
		<depth>3</depth>
	</size>
	<segmented>0</segmented>
	<object>
		<name>0</name>
		<pose>Unspecified</pose>
		<truncated>0</truncated>
		<difficult>0</difficult>
		<occluded>0</occluded>
		<bndbox>
			<xmin>282</xmin>
			<xmax>339</xmax>
			<ymin>275</ymin>
			<ymax>326</ymax>
		</bndbox>
	</object>
</annotation>
