<annotation>
	<folder></folder>
	<filename>360_jpg.rf.fd6fd1e43a35dd6db4a1b7c102a70925.jpg</filename>
	<path>360_jpg.rf.fd6fd1e43a35dd6db4a1b7c102a70925.jpg</path>
	<source>
		<database>roboflow.ai</database>
	</source>
	<size>
		<width>416</width>
		<height>416</height>
		<depth>3</depth>
	</size>
	<segmented>0</segmented>
	<object>
		<name>0</name>
		<pose>Unspecified</pose>
		<truncated>0</truncated>
		<difficult>0</difficult>
		<occluded>0</occluded>
		<bndbox>
			<xmin>293</xmin>
			<xmax>336</xmax>
			<ymin>264</ymin>
			<ymax>304</ymax>
		</bndbox>
	</object>
</annotation>
