<annotation>
	<folder></folder>
	<filename>361_jpg.rf.82a57b35763a7db6aabbfc90db7c94b1.jpg</filename>
	<path>361_jpg.rf.82a57b35763a7db6aabbfc90db7c94b1.jpg</path>
	<source>
		<database>roboflow.ai</database>
	</source>
	<size>
		<width>416</width>
		<height>416</height>
		<depth>3</depth>
	</size>
	<segmented>0</segmented>
	<object>
		<name>0</name>
		<pose>Unspecified</pose>
		<truncated>0</truncated>
		<difficult>0</difficult>
		<occluded>0</occluded>
		<bndbox>
			<xmin>287</xmin>
			<xmax>325</xmax>
			<ymin>262</ymin>
			<ymax>292</ymax>
		</bndbox>
	</object>
</annotation>
