<annotation>
	<folder></folder>
	<filename>362_jpg.rf.2483fa29ef84724126f5ffdf2ea44cf9.jpg</filename>
	<path>362_jpg.rf.2483fa29ef84724126f5ffdf2ea44cf9.jpg</path>
	<source>
		<database>roboflow.ai</database>
	</source>
	<size>
		<width>416</width>
		<height>416</height>
		<depth>3</depth>
	</size>
	<segmented>0</segmented>
	<object>
		<name>0</name>
		<pose>Unspecified</pose>
		<truncated>0</truncated>
		<difficult>0</difficult>
		<occluded>0</occluded>
		<bndbox>
			<xmin>285</xmin>
			<xmax>313</xmax>
			<ymin>234</ymin>
			<ymax>264</ymax>
		</bndbox>
	</object>
</annotation>
