<annotation>
	<folder></folder>
	<filename>364_jpg.rf.f470e34cb3cae1c088cc5b90df2962dc.jpg</filename>
	<path>364_jpg.rf.f470e34cb3cae1c088cc5b90df2962dc.jpg</path>
	<source>
		<database>roboflow.ai</database>
	</source>
	<size>
		<width>416</width>
		<height>416</height>
		<depth>3</depth>
	</size>
	<segmented>0</segmented>
	<object>
		<name>0</name>
		<pose>Unspecified</pose>
		<truncated>0</truncated>
		<difficult>0</difficult>
		<occluded>0</occluded>
		<bndbox>
			<xmin>268</xmin>
			<xmax>300</xmax>
			<ymin>196</ymin>
			<ymax>223</ymax>
		</bndbox>
	</object>
</annotation>
