<annotation>
	<folder></folder>
	<filename>367_jpg.rf.8d3e4864b709e08b7654397b850c32b6.jpg</filename>
	<path>367_jpg.rf.8d3e4864b709e08b7654397b850c32b6.jpg</path>
	<source>
		<database>roboflow.ai</database>
	</source>
	<size>
		<width>416</width>
		<height>416</height>
		<depth>3</depth>
	</size>
	<segmented>0</segmented>
	<object>
		<name>0</name>
		<pose>Unspecified</pose>
		<truncated>0</truncated>
		<difficult>0</difficult>
		<occluded>0</occluded>
		<bndbox>
			<xmin>173</xmin>
			<xmax>317</xmax>
			<ymin>143</ymin>
			<ymax>388</ymax>
		</bndbox>
	</object>
</annotation>
