<annotation>
	<folder></folder>
	<filename>369_jpg.rf.ed44b6a2f9f221c3072b19b88ee8b87c.jpg</filename>
	<path>369_jpg.rf.ed44b6a2f9f221c3072b19b88ee8b87c.jpg</path>
	<source>
		<database>roboflow.ai</database>
	</source>
	<size>
		<width>416</width>
		<height>416</height>
		<depth>3</depth>
	</size>
	<segmented>0</segmented>
	<object>
		<name>0</name>
		<pose>Unspecified</pose>
		<truncated>0</truncated>
		<difficult>0</difficult>
		<occluded>0</occluded>
		<bndbox>
			<xmin>169</xmin>
			<xmax>330</xmax>
			<ymin>149</ymin>
			<ymax>388</ymax>
		</bndbox>
	</object>
</annotation>
