<annotation>
	<folder></folder>
	<filename>370_jpg.rf.bc6091342e25b6641e1970237b85bf54.jpg</filename>
	<path>370_jpg.rf.bc6091342e25b6641e1970237b85bf54.jpg</path>
	<source>
		<database>roboflow.ai</database>
	</source>
	<size>
		<width>416</width>
		<height>416</height>
		<depth>3</depth>
	</size>
	<segmented>0</segmented>
	<object>
		<name>0</name>
		<pose>Unspecified</pose>
		<truncated>0</truncated>
		<difficult>0</difficult>
		<occluded>0</occluded>
		<bndbox>
			<xmin>158</xmin>
			<xmax>294</xmax>
			<ymin>173</ymin>
			<ymax>390</ymax>
		</bndbox>
	</object>
</annotation>
