<annotation>
	<folder></folder>
	<filename>371_jpg.rf.95c52d2de1608177793d909b89590992.jpg</filename>
	<path>371_jpg.rf.95c52d2de1608177793d909b89590992.jpg</path>
	<source>
		<database>roboflow.ai</database>
	</source>
	<size>
		<width>416</width>
		<height>416</height>
		<depth>3</depth>
	</size>
	<segmented>0</segmented>
	<object>
		<name>0</name>
		<pose>Unspecified</pose>
		<truncated>0</truncated>
		<difficult>0</difficult>
		<occluded>0</occluded>
		<bndbox>
			<xmin>146</xmin>
			<xmax>319</xmax>
			<ymin>145</ymin>
			<ymax>407</ymax>
		</bndbox>
	</object>
</annotation>
