<annotation>
	<folder></folder>
	<filename>372_jpg.rf.f5654d77c472da497cdfb7aa9c80a2e3.jpg</filename>
	<path>372_jpg.rf.f5654d77c472da497cdfb7aa9c80a2e3.jpg</path>
	<source>
		<database>roboflow.ai</database>
	</source>
	<size>
		<width>416</width>
		<height>416</height>
		<depth>3</depth>
	</size>
	<segmented>0</segmented>
	<object>
		<name>0</name>
		<pose>Unspecified</pose>
		<truncated>0</truncated>
		<difficult>0</difficult>
		<occluded>0</occluded>
		<bndbox>
			<xmin>159</xmin>
			<xmax>308</xmax>
			<ymin>171</ymin>
			<ymax>377</ymax>
		</bndbox>
	</object>
</annotation>
