<annotation>
	<folder></folder>
	<filename>373_jpg.rf.3776ecd44838c03eb4b5ad785b97a5d2.jpg</filename>
	<path>373_jpg.rf.3776ecd44838c03eb4b5ad785b97a5d2.jpg</path>
	<source>
		<database>roboflow.ai</database>
	</source>
	<size>
		<width>416</width>
		<height>416</height>
		<depth>3</depth>
	</size>
	<segmented>0</segmented>
	<object>
		<name>0</name>
		<pose>Unspecified</pose>
		<truncated>0</truncated>
		<difficult>0</difficult>
		<occluded>0</occluded>
		<bndbox>
			<xmin>209</xmin>
			<xmax>220</xmax>
			<ymin>234</ymin>
			<ymax>246</ymax>
		</bndbox>
	</object>
</annotation>
