<annotation>
	<folder></folder>
	<filename>374_jpg.rf.7ceef8cdce7c1e98862ca7ea9fe3d335.jpg</filename>
	<path>374_jpg.rf.7ceef8cdce7c1e98862ca7ea9fe3d335.jpg</path>
	<source>
		<database>roboflow.ai</database>
	</source>
	<size>
		<width>416</width>
		<height>416</height>
		<depth>3</depth>
	</size>
	<segmented>0</segmented>
	<object>
		<name>0</name>
		<pose>Unspecified</pose>
		<truncated>0</truncated>
		<difficult>0</difficult>
		<occluded>0</occluded>
		<bndbox>
			<xmin>179</xmin>
			<xmax>328</xmax>
			<ymin>223</ymin>
			<ymax>340</ymax>
		</bndbox>
	</object>
</annotation>
