<annotation>
	<folder></folder>
	<filename>375_jpg.rf.4eefb2eac0ff3074ae22c04f3baeb45d.jpg</filename>
	<path>375_jpg.rf.4eefb2eac0ff3074ae22c04f3baeb45d.jpg</path>
	<source>
		<database>roboflow.ai</database>
	</source>
	<size>
		<width>416</width>
		<height>416</height>
		<depth>3</depth>
	</size>
	<segmented>0</segmented>
	<object>
		<name>0</name>
		<pose>Unspecified</pose>
		<truncated>0</truncated>
		<difficult>0</difficult>
		<occluded>0</occluded>
		<bndbox>
			<xmin>187</xmin>
			<xmax>339</xmax>
			<ymin>241</ymin>
			<ymax>328</ymax>
		</bndbox>
	</object>
</annotation>
