<annotation>
	<folder></folder>
	<filename>377_jpg.rf.b6091ae0601b6945074a00bb0c0f2250.jpg</filename>
	<path>377_jpg.rf.b6091ae0601b6945074a00bb0c0f2250.jpg</path>
	<source>
		<database>roboflow.ai</database>
	</source>
	<size>
		<width>416</width>
		<height>416</height>
		<depth>3</depth>
	</size>
	<segmented>0</segmented>
	<object>
		<name>0</name>
		<pose>Unspecified</pose>
		<truncated>0</truncated>
		<difficult>0</difficult>
		<occluded>0</occluded>
		<bndbox>
			<xmin>185</xmin>
			<xmax>327</xmax>
			<ymin>239</ymin>
			<ymax>342</ymax>
		</bndbox>
	</object>
</annotation>
