<annotation>
	<folder></folder>
	<filename>379_jpg.rf.a0f22969d76acec767eeeb43a563109c.jpg</filename>
	<path>379_jpg.rf.a0f22969d76acec767eeeb43a563109c.jpg</path>
	<source>
		<database>roboflow.ai</database>
	</source>
	<size>
		<width>416</width>
		<height>416</height>
		<depth>3</depth>
	</size>
	<segmented>0</segmented>
	<object>
		<name>0</name>
		<pose>Unspecified</pose>
		<truncated>0</truncated>
		<difficult>0</difficult>
		<occluded>0</occluded>
		<bndbox>
			<xmin>189</xmin>
			<xmax>331</xmax>
			<ymin>258</ymin>
			<ymax>417</ymax>
		</bndbox>
	</object>
</annotation>
