<annotation>
	<folder></folder>
	<filename>383_jpg.rf.1ca534acb69e853710bf4609b123dcb3.jpg</filename>
	<path>383_jpg.rf.1ca534acb69e853710bf4609b123dcb3.jpg</path>
	<source>
		<database>roboflow.ai</database>
	</source>
	<size>
		<width>416</width>
		<height>416</height>
		<depth>3</depth>
	</size>
	<segmented>0</segmented>
	<object>
		<name>0</name>
		<pose>Unspecified</pose>
		<truncated>0</truncated>
		<difficult>0</difficult>
		<occluded>0</occluded>
		<bndbox>
			<xmin>76</xmin>
			<xmax>287</xmax>
			<ymin>95</ymin>
			<ymax>224</ymax>
		</bndbox>
	</object>
</annotation>
