<annotation>
	<folder></folder>
	<filename>384_jpg.rf.b76cf96ee8d498ab44309afa54f813c3.jpg</filename>
	<path>384_jpg.rf.b76cf96ee8d498ab44309afa54f813c3.jpg</path>
	<source>
		<database>roboflow.ai</database>
	</source>
	<size>
		<width>416</width>
		<height>416</height>
		<depth>3</depth>
	</size>
	<segmented>0</segmented>
	<object>
		<name>0</name>
		<pose>Unspecified</pose>
		<truncated>0</truncated>
		<difficult>0</difficult>
		<occluded>0</occluded>
		<bndbox>
			<xmin>74</xmin>
			<xmax>280</xmax>
			<ymin>97</ymin>
			<ymax>236</ymax>
		</bndbox>
	</object>
</annotation>
