<annotation>
	<folder></folder>
	<filename>385_jpg.rf.aebbb023dac0b6bfe2df9b5851d08429.jpg</filename>
	<path>385_jpg.rf.aebbb023dac0b6bfe2df9b5851d08429.jpg</path>
	<source>
		<database>roboflow.ai</database>
	</source>
	<size>
		<width>416</width>
		<height>416</height>
		<depth>3</depth>
	</size>
	<segmented>0</segmented>
	<object>
		<name>0</name>
		<pose>Unspecified</pose>
		<truncated>0</truncated>
		<difficult>0</difficult>
		<occluded>0</occluded>
		<bndbox>
			<xmin>80</xmin>
			<xmax>294</xmax>
			<ymin>98</ymin>
			<ymax>242</ymax>
		</bndbox>
	</object>
</annotation>
