<annotation>
	<folder></folder>
	<filename>386_jpg.rf.0b4891a0b24ce8c8df02cf725a274f0c.jpg</filename>
	<path>386_jpg.rf.0b4891a0b24ce8c8df02cf725a274f0c.jpg</path>
	<source>
		<database>roboflow.ai</database>
	</source>
	<size>
		<width>416</width>
		<height>416</height>
		<depth>3</depth>
	</size>
	<segmented>0</segmented>
	<object>
		<name>0</name>
		<pose>Unspecified</pose>
		<truncated>0</truncated>
		<difficult>0</difficult>
		<occluded>0</occluded>
		<bndbox>
			<xmin>16</xmin>
			<xmax>405</xmax>
			<ymin>58</ymin>
			<ymax>359</ymax>
		</bndbox>
	</object>
</annotation>
