<annotation>
	<folder></folder>
	<filename>387_jpg.rf.353cf91737d73a8f6e14eb5363bf9f41.jpg</filename>
	<path>387_jpg.rf.353cf91737d73a8f6e14eb5363bf9f41.jpg</path>
	<source>
		<database>roboflow.ai</database>
	</source>
	<size>
		<width>416</width>
		<height>416</height>
		<depth>3</depth>
	</size>
	<segmented>0</segmented>
	<object>
		<name>0</name>
		<pose>Unspecified</pose>
		<truncated>0</truncated>
		<difficult>0</difficult>
		<occluded>0</occluded>
		<bndbox>
			<xmin>64</xmin>
			<xmax>386</xmax>
			<ymin>76</ymin>
			<ymax>346</ymax>
		</bndbox>
	</object>
</annotation>
