<annotation>
	<folder></folder>
	<filename>388_jpg.rf.728f8684256be66ba3310ca27c688eda.jpg</filename>
	<path>388_jpg.rf.728f8684256be66ba3310ca27c688eda.jpg</path>
	<source>
		<database>roboflow.ai</database>
	</source>
	<size>
		<width>416</width>
		<height>416</height>
		<depth>3</depth>
	</size>
	<segmented>0</segmented>
	<object>
		<name>0</name>
		<pose>Unspecified</pose>
		<truncated>0</truncated>
		<difficult>0</difficult>
		<occluded>0</occluded>
		<bndbox>
			<xmin>62</xmin>
			<xmax>388</xmax>
			<ymin>78</ymin>
			<ymax>340</ymax>
		</bndbox>
	</object>
</annotation>
