<annotation>
	<folder></folder>
	<filename>38_jpg.rf.927e5954608ec609bd393f500983ed22.jpg</filename>
	<path>38_jpg.rf.927e5954608ec609bd393f500983ed22.jpg</path>
	<source>
		<database>roboflow.ai</database>
	</source>
	<size>
		<width>416</width>
		<height>416</height>
		<depth>3</depth>
	</size>
	<segmented>0</segmented>
	<object>
		<name>0</name>
		<pose>Unspecified</pose>
		<truncated>0</truncated>
		<difficult>0</difficult>
		<occluded>0</occluded>
		<bndbox>
			<xmin>127</xmin>
			<xmax>240</xmax>
			<ymin>264</ymin>
			<ymax>379</ymax>
		</bndbox>
	</object>
</annotation>
