<annotation>
	<folder></folder>
	<filename>390_jpg.rf.75e3ce0973bda02c763817d57287671e.jpg</filename>
	<path>390_jpg.rf.75e3ce0973bda02c763817d57287671e.jpg</path>
	<source>
		<database>roboflow.ai</database>
	</source>
	<size>
		<width>416</width>
		<height>416</height>
		<depth>3</depth>
	</size>
	<segmented>0</segmented>
	<object>
		<name>0</name>
		<pose>Unspecified</pose>
		<truncated>0</truncated>
		<difficult>0</difficult>
		<occluded>0</occluded>
		<bndbox>
			<xmin>39</xmin>
			<xmax>66</xmax>
			<ymin>127</ymin>
			<ymax>154</ymax>
		</bndbox>
	</object>
	<object>
		<name>0</name>
		<pose>Unspecified</pose>
		<truncated>0</truncated>
		<difficult>0</difficult>
		<occluded>0</occluded>
		<bndbox>
			<xmin>254</xmin>
			<xmax>290</xmax>
			<ymin>69</ymin>
			<ymax>110</ymax>
		</bndbox>
	</object>
</annotation>
