<annotation>
	<folder></folder>
	<filename>392_jpg.rf.ef6f11b2a72c440759ec0d7c1a6ad3d1.jpg</filename>
	<path>392_jpg.rf.ef6f11b2a72c440759ec0d7c1a6ad3d1.jpg</path>
	<source>
		<database>roboflow.ai</database>
	</source>
	<size>
		<width>416</width>
		<height>416</height>
		<depth>3</depth>
	</size>
	<segmented>0</segmented>
	<object>
		<name>0</name>
		<pose>Unspecified</pose>
		<truncated>0</truncated>
		<difficult>0</difficult>
		<occluded>0</occluded>
		<bndbox>
			<xmin>38</xmin>
			<xmax>63</xmax>
			<ymin>131</ymin>
			<ymax>154</ymax>
		</bndbox>
	</object>
	<object>
		<name>0</name>
		<pose>Unspecified</pose>
		<truncated>0</truncated>
		<difficult>0</difficult>
		<occluded>0</occluded>
		<bndbox>
			<xmin>253</xmin>
			<xmax>288</xmax>
			<ymin>72</ymin>
			<ymax>109</ymax>
		</bndbox>
	</object>
</annotation>
