<annotation>
	<folder></folder>
	<filename>393_jpg.rf.6103ac423299420526a74b51c5fd495e.jpg</filename>
	<path>393_jpg.rf.6103ac423299420526a74b51c5fd495e.jpg</path>
	<source>
		<database>roboflow.ai</database>
	</source>
	<size>
		<width>416</width>
		<height>416</height>
		<depth>3</depth>
	</size>
	<segmented>0</segmented>
	<object>
		<name>0</name>
		<pose>Unspecified</pose>
		<truncated>0</truncated>
		<difficult>0</difficult>
		<occluded>0</occluded>
		<bndbox>
			<xmin>37</xmin>
			<xmax>66</xmax>
			<ymin>132</ymin>
			<ymax>158</ymax>
		</bndbox>
	</object>
	<object>
		<name>0</name>
		<pose>Unspecified</pose>
		<truncated>0</truncated>
		<difficult>0</difficult>
		<occluded>0</occluded>
		<bndbox>
			<xmin>252</xmin>
			<xmax>292</xmax>
			<ymin>71</ymin>
			<ymax>110</ymax>
		</bndbox>
	</object>
</annotation>
