<annotation>
	<folder></folder>
	<filename>394_jpg.rf.db4d6a4d1a6644d7c32668f0895c8a53.jpg</filename>
	<path>394_jpg.rf.db4d6a4d1a6644d7c32668f0895c8a53.jpg</path>
	<source>
		<database>roboflow.ai</database>
	</source>
	<size>
		<width>416</width>
		<height>416</height>
		<depth>3</depth>
	</size>
	<segmented>0</segmented>
	<object>
		<name>0</name>
		<pose>Unspecified</pose>
		<truncated>0</truncated>
		<difficult>0</difficult>
		<occluded>0</occluded>
		<bndbox>
			<xmin>38</xmin>
			<xmax>64</xmax>
			<ymin>134</ymin>
			<ymax>155</ymax>
		</bndbox>
	</object>
	<object>
		<name>0</name>
		<pose>Unspecified</pose>
		<truncated>0</truncated>
		<difficult>0</difficult>
		<occluded>0</occluded>
		<bndbox>
			<xmin>253</xmin>
			<xmax>290</xmax>
			<ymin>74</ymin>
			<ymax>110</ymax>
		</bndbox>
	</object>
</annotation>
