<annotation>
	<folder></folder>
	<filename>396_jpg.rf.88c31f82c46e03a39f6536fdcf0cc865.jpg</filename>
	<path>396_jpg.rf.88c31f82c46e03a39f6536fdcf0cc865.jpg</path>
	<source>
		<database>roboflow.ai</database>
	</source>
	<size>
		<width>416</width>
		<height>416</height>
		<depth>3</depth>
	</size>
	<segmented>0</segmented>
	<object>
		<name>0</name>
		<pose>Unspecified</pose>
		<truncated>0</truncated>
		<difficult>0</difficult>
		<occluded>0</occluded>
		<bndbox>
			<xmin>117</xmin>
			<xmax>344</xmax>
			<ymin>97</ymin>
			<ymax>277</ymax>
		</bndbox>
	</object>
</annotation>
