<annotation>
	<folder></folder>
	<filename>397_jpg.rf.b5bd55d501c9530a40004eca1ff738f6.jpg</filename>
	<path>397_jpg.rf.b5bd55d501c9530a40004eca1ff738f6.jpg</path>
	<source>
		<database>roboflow.ai</database>
	</source>
	<size>
		<width>416</width>
		<height>416</height>
		<depth>3</depth>
	</size>
	<segmented>0</segmented>
	<object>
		<name>0</name>
		<pose>Unspecified</pose>
		<truncated>0</truncated>
		<difficult>0</difficult>
		<occluded>0</occluded>
		<bndbox>
			<xmin>139</xmin>
			<xmax>363</xmax>
			<ymin>78</ymin>
			<ymax>270</ymax>
		</bndbox>
	</object>
</annotation>
