<annotation>
	<folder></folder>
	<filename>398_jpg.rf.90c05f8045010919cfbc5389b7d7c218.jpg</filename>
	<path>398_jpg.rf.90c05f8045010919cfbc5389b7d7c218.jpg</path>
	<source>
		<database>roboflow.ai</database>
	</source>
	<size>
		<width>416</width>
		<height>416</height>
		<depth>3</depth>
	</size>
	<segmented>0</segmented>
	<object>
		<name>0</name>
		<pose>Unspecified</pose>
		<truncated>0</truncated>
		<difficult>0</difficult>
		<occluded>0</occluded>
		<bndbox>
			<xmin>133</xmin>
			<xmax>367</xmax>
			<ymin>74</ymin>
			<ymax>269</ymax>
		</bndbox>
	</object>
</annotation>
