<annotation>
	<folder></folder>
	<filename>399_jpg.rf.96d0d856403fa18bfbb4db91db53834f.jpg</filename>
	<path>399_jpg.rf.96d0d856403fa18bfbb4db91db53834f.jpg</path>
	<source>
		<database>roboflow.ai</database>
	</source>
	<size>
		<width>416</width>
		<height>416</height>
		<depth>3</depth>
	</size>
	<segmented>0</segmented>
	<object>
		<name>0</name>
		<pose>Unspecified</pose>
		<truncated>0</truncated>
		<difficult>0</difficult>
		<occluded>0</occluded>
		<bndbox>
			<xmin>139</xmin>
			<xmax>351</xmax>
			<ymin>63</ymin>
			<ymax>250</ymax>
		</bndbox>
	</object>
</annotation>
