<annotation>
	<folder></folder>
	<filename>39_jpg.rf.b03e28da448c498c34825464ca135e75.jpg</filename>
	<path>39_jpg.rf.b03e28da448c498c34825464ca135e75.jpg</path>
	<source>
		<database>roboflow.ai</database>
	</source>
	<size>
		<width>416</width>
		<height>416</height>
		<depth>3</depth>
	</size>
	<segmented>0</segmented>
	<object>
		<name>0</name>
		<pose>Unspecified</pose>
		<truncated>0</truncated>
		<difficult>0</difficult>
		<occluded>0</occluded>
		<bndbox>
			<xmin>132</xmin>
			<xmax>178</xmax>
			<ymin>311</ymin>
			<ymax>354</ymax>
		</bndbox>
	</object>
</annotation>
