<annotation>
	<folder></folder>
	<filename>3_jpg.rf.497d84d968ba225e640f5bcaf2e5491c.jpg</filename>
	<path>3_jpg.rf.497d84d968ba225e640f5bcaf2e5491c.jpg</path>
	<source>
		<database>roboflow.ai</database>
	</source>
	<size>
		<width>416</width>
		<height>416</height>
		<depth>3</depth>
	</size>
	<segmented>0</segmented>
	<object>
		<name>0</name>
		<pose>Unspecified</pose>
		<truncated>0</truncated>
		<difficult>0</difficult>
		<occluded>0</occluded>
		<bndbox>
			<xmin>254</xmin>
			<xmax>307</xmax>
			<ymin>227</ymin>
			<ymax>265</ymax>
		</bndbox>
	</object>
</annotation>
