<annotation>
	<folder></folder>
	<filename>400_jpg.rf.46532446007011695a31ac1839abd8a7.jpg</filename>
	<path>400_jpg.rf.46532446007011695a31ac1839abd8a7.jpg</path>
	<source>
		<database>roboflow.ai</database>
	</source>
	<size>
		<width>416</width>
		<height>416</height>
		<depth>3</depth>
	</size>
	<segmented>0</segmented>
	<object>
		<name>0</name>
		<pose>Unspecified</pose>
		<truncated>0</truncated>
		<difficult>0</difficult>
		<occluded>0</occluded>
		<bndbox>
			<xmin>135</xmin>
			<xmax>338</xmax>
			<ymin>50</ymin>
			<ymax>248</ymax>
		</bndbox>
	</object>
</annotation>
