<annotation>
	<folder></folder>
	<filename>401_jpg.rf.bc0a8af12c93daeba1e96f855eeab566.jpg</filename>
	<path>401_jpg.rf.bc0a8af12c93daeba1e96f855eeab566.jpg</path>
	<source>
		<database>roboflow.ai</database>
	</source>
	<size>
		<width>416</width>
		<height>416</height>
		<depth>3</depth>
	</size>
	<segmented>0</segmented>
	<object>
		<name>0</name>
		<pose>Unspecified</pose>
		<truncated>0</truncated>
		<difficult>0</difficult>
		<occluded>0</occluded>
		<bndbox>
			<xmin>108</xmin>
			<xmax>317</xmax>
			<ymin>60</ymin>
			<ymax>249</ymax>
		</bndbox>
	</object>
</annotation>
