<annotation>
	<folder></folder>
	<filename>402_jpg.rf.e26454495c5edf4fada5c12d5046ebf1.jpg</filename>
	<path>402_jpg.rf.e26454495c5edf4fada5c12d5046ebf1.jpg</path>
	<source>
		<database>roboflow.ai</database>
	</source>
	<size>
		<width>416</width>
		<height>416</height>
		<depth>3</depth>
	</size>
	<segmented>0</segmented>
	<object>
		<name>0</name>
		<pose>Unspecified</pose>
		<truncated>0</truncated>
		<difficult>0</difficult>
		<occluded>0</occluded>
		<bndbox>
			<xmin>90</xmin>
			<xmax>307</xmax>
			<ymin>40</ymin>
			<ymax>231</ymax>
		</bndbox>
	</object>
</annotation>
