<annotation>
	<folder></folder>
	<filename>403_jpg.rf.f51e2c3ae06b602475083a59c4364dc0.jpg</filename>
	<path>403_jpg.rf.f51e2c3ae06b602475083a59c4364dc0.jpg</path>
	<source>
		<database>roboflow.ai</database>
	</source>
	<size>
		<width>416</width>
		<height>416</height>
		<depth>3</depth>
	</size>
	<segmented>0</segmented>
	<object>
		<name>0</name>
		<pose>Unspecified</pose>
		<truncated>0</truncated>
		<difficult>0</difficult>
		<occluded>0</occluded>
		<bndbox>
			<xmin>102</xmin>
			<xmax>303</xmax>
			<ymin>25</ymin>
			<ymax>217</ymax>
		</bndbox>
	</object>
</annotation>
