<annotation>
	<folder></folder>
	<filename>404_jpg.rf.b1ae067866a1deebf892757b979c422d.jpg</filename>
	<path>404_jpg.rf.b1ae067866a1deebf892757b979c422d.jpg</path>
	<source>
		<database>roboflow.ai</database>
	</source>
	<size>
		<width>416</width>
		<height>416</height>
		<depth>3</depth>
	</size>
	<segmented>0</segmented>
	<object>
		<name>0</name>
		<pose>Unspecified</pose>
		<truncated>0</truncated>
		<difficult>0</difficult>
		<occluded>0</occluded>
		<bndbox>
			<xmin>107</xmin>
			<xmax>296</xmax>
			<ymin>58</ymin>
			<ymax>221</ymax>
		</bndbox>
	</object>
</annotation>
