<annotation>
	<folder></folder>
	<filename>405_jpg.rf.c87dbd097db6381eafd6f6ab4ec456aa.jpg</filename>
	<path>405_jpg.rf.c87dbd097db6381eafd6f6ab4ec456aa.jpg</path>
	<source>
		<database>roboflow.ai</database>
	</source>
	<size>
		<width>416</width>
		<height>416</height>
		<depth>3</depth>
	</size>
	<segmented>0</segmented>
	<object>
		<name>0</name>
		<pose>Unspecified</pose>
		<truncated>0</truncated>
		<difficult>0</difficult>
		<occluded>0</occluded>
		<bndbox>
			<xmin>130</xmin>
			<xmax>261</xmax>
			<ymin>45</ymin>
			<ymax>229</ymax>
		</bndbox>
	</object>
</annotation>
