<annotation>
	<folder></folder>
	<filename>40_jpg.rf.9e0abbd10d98590c3312c062690a217c.jpg</filename>
	<path>40_jpg.rf.9e0abbd10d98590c3312c062690a217c.jpg</path>
	<source>
		<database>roboflow.ai</database>
	</source>
	<size>
		<width>416</width>
		<height>416</height>
		<depth>3</depth>
	</size>
	<segmented>0</segmented>
	<object>
		<name>0</name>
		<pose>Unspecified</pose>
		<truncated>0</truncated>
		<difficult>0</difficult>
		<occluded>0</occluded>
		<bndbox>
			<xmin>22</xmin>
			<xmax>372</xmax>
			<ymin>31</ymin>
			<ymax>392</ymax>
		</bndbox>
	</object>
</annotation>
