<annotation>
	<folder></folder>
	<filename>410_jpg.rf.6f71f73c1a370858ceffcf59cf991278.jpg</filename>
	<path>410_jpg.rf.6f71f73c1a370858ceffcf59cf991278.jpg</path>
	<source>
		<database>roboflow.ai</database>
	</source>
	<size>
		<width>416</width>
		<height>416</height>
		<depth>3</depth>
	</size>
	<segmented>0</segmented>
	<object>
		<name>0</name>
		<pose>Unspecified</pose>
		<truncated>0</truncated>
		<difficult>0</difficult>
		<occluded>0</occluded>
		<bndbox>
			<xmin>77</xmin>
			<xmax>111</xmax>
			<ymin>68</ymin>
			<ymax>104</ymax>
		</bndbox>
	</object>
	<object>
		<name>0</name>
		<pose>Unspecified</pose>
		<truncated>0</truncated>
		<difficult>0</difficult>
		<occluded>0</occluded>
		<bndbox>
			<xmin>320</xmin>
			<xmax>350</xmax>
			<ymin>146</ymin>
			<ymax>176</ymax>
		</bndbox>
	</object>
</annotation>
