<annotation>
	<folder></folder>
	<filename>411_jpg.rf.6a6679e2a5aad7d2273059f9c5c6e1a9.jpg</filename>
	<path>411_jpg.rf.6a6679e2a5aad7d2273059f9c5c6e1a9.jpg</path>
	<source>
		<database>roboflow.ai</database>
	</source>
	<size>
		<width>416</width>
		<height>416</height>
		<depth>3</depth>
	</size>
	<segmented>0</segmented>
	<object>
		<name>0</name>
		<pose>Unspecified</pose>
		<truncated>0</truncated>
		<difficult>0</difficult>
		<occluded>0</occluded>
		<bndbox>
			<xmin>46</xmin>
			<xmax>83</xmax>
			<ymin>52</ymin>
			<ymax>85</ymax>
		</bndbox>
	</object>
	<object>
		<name>0</name>
		<pose>Unspecified</pose>
		<truncated>0</truncated>
		<difficult>0</difficult>
		<occluded>0</occluded>
		<bndbox>
			<xmin>295</xmin>
			<xmax>325</xmax>
			<ymin>146</ymin>
			<ymax>176</ymax>
		</bndbox>
	</object>
</annotation>
