<annotation>
	<folder></folder>
	<filename>413_jpg.rf.d8862da39d723fecef32acf332178fba.jpg</filename>
	<path>413_jpg.rf.d8862da39d723fecef32acf332178fba.jpg</path>
	<source>
		<database>roboflow.ai</database>
	</source>
	<size>
		<width>416</width>
		<height>416</height>
		<depth>3</depth>
	</size>
	<segmented>0</segmented>
	<object>
		<name>0</name>
		<pose>Unspecified</pose>
		<truncated>0</truncated>
		<difficult>0</difficult>
		<occluded>0</occluded>
		<bndbox>
			<xmin>239</xmin>
			<xmax>274</xmax>
			<ymin>134</ymin>
			<ymax>170</ymax>
		</bndbox>
	</object>
	<object>
		<name>0</name>
		<pose>Unspecified</pose>
		<truncated>0</truncated>
		<difficult>0</difficult>
		<occluded>0</occluded>
		<bndbox>
			<xmin>2</xmin>
			<xmax>24</xmax>
			<ymin>22</ymin>
			<ymax>59</ymax>
		</bndbox>
	</object>
</annotation>
