<annotation>
	<folder></folder>
	<filename>414_jpg.rf.27327649801b6a0f802ccc536adae58d.jpg</filename>
	<path>414_jpg.rf.27327649801b6a0f802ccc536adae58d.jpg</path>
	<source>
		<database>roboflow.ai</database>
	</source>
	<size>
		<width>416</width>
		<height>416</height>
		<depth>3</depth>
	</size>
	<segmented>0</segmented>
	<object>
		<name>0</name>
		<pose>Unspecified</pose>
		<truncated>0</truncated>
		<difficult>0</difficult>
		<occluded>0</occluded>
		<bndbox>
			<xmin>1</xmin>
			<xmax>12</xmax>
			<ymin>7</ymin>
			<ymax>34</ymax>
		</bndbox>
	</object>
	<object>
		<name>0</name>
		<pose>Unspecified</pose>
		<truncated>0</truncated>
		<difficult>0</difficult>
		<occluded>0</occluded>
		<bndbox>
			<xmin>224</xmin>
			<xmax>263</xmax>
			<ymin>128</ymin>
			<ymax>155</ymax>
		</bndbox>
	</object>
</annotation>
