<annotation>
	<folder></folder>
	<filename>416_jpg.rf.1b6176c6ec73624e48ab01919a91f3c2.jpg</filename>
	<path>416_jpg.rf.1b6176c6ec73624e48ab01919a91f3c2.jpg</path>
	<source>
		<database>roboflow.ai</database>
	</source>
	<size>
		<width>416</width>
		<height>416</height>
		<depth>3</depth>
	</size>
	<segmented>0</segmented>
	<object>
		<name>0</name>
		<pose>Unspecified</pose>
		<truncated>0</truncated>
		<difficult>0</difficult>
		<occluded>0</occluded>
		<bndbox>
			<xmin>31</xmin>
			<xmax>66</xmax>
			<ymin>28</ymin>
			<ymax>61</ymax>
		</bndbox>
	</object>
	<object>
		<name>0</name>
		<pose>Unspecified</pose>
		<truncated>0</truncated>
		<difficult>0</difficult>
		<occluded>0</occluded>
		<bndbox>
			<xmin>275</xmin>
			<xmax>310</xmax>
			<ymin>136</ymin>
			<ymax>165</ymax>
		</bndbox>
	</object>
</annotation>
