<annotation>
	<folder></folder>
	<filename>417_jpg.rf.0540f2080533af54ad6d6c802ca92b89.jpg</filename>
	<path>417_jpg.rf.0540f2080533af54ad6d6c802ca92b89.jpg</path>
	<source>
		<database>roboflow.ai</database>
	</source>
	<size>
		<width>416</width>
		<height>416</height>
		<depth>3</depth>
	</size>
	<segmented>0</segmented>
	<object>
		<name>0</name>
		<pose>Unspecified</pose>
		<truncated>0</truncated>
		<difficult>0</difficult>
		<occluded>0</occluded>
		<bndbox>
			<xmin>58</xmin>
			<xmax>91</xmax>
			<ymin>40</ymin>
			<ymax>72</ymax>
		</bndbox>
	</object>
	<object>
		<name>0</name>
		<pose>Unspecified</pose>
		<truncated>0</truncated>
		<difficult>0</difficult>
		<occluded>0</occluded>
		<bndbox>
			<xmin>298</xmin>
			<xmax>334</xmax>
			<ymin>136</ymin>
			<ymax>169</ymax>
		</bndbox>
	</object>
</annotation>
