<annotation>
	<folder></folder>
	<filename>419_jpg.rf.9b7065afcfb4ea2275a35cdead91ac6b.jpg</filename>
	<path>419_jpg.rf.9b7065afcfb4ea2275a35cdead91ac6b.jpg</path>
	<source>
		<database>roboflow.ai</database>
	</source>
	<size>
		<width>416</width>
		<height>416</height>
		<depth>3</depth>
	</size>
	<segmented>0</segmented>
	<object>
		<name>0</name>
		<pose>Unspecified</pose>
		<truncated>0</truncated>
		<difficult>0</difficult>
		<occluded>0</occluded>
		<bndbox>
			<xmin>104</xmin>
			<xmax>186</xmax>
			<ymin>129</ymin>
			<ymax>190</ymax>
		</bndbox>
	</object>
	<object>
		<name>0</name>
		<pose>Unspecified</pose>
		<truncated>0</truncated>
		<difficult>0</difficult>
		<occluded>0</occluded>
		<bndbox>
			<xmin>339</xmin>
			<xmax>376</xmax>
			<ymin>16</ymin>
			<ymax>50</ymax>
		</bndbox>
	</object>
</annotation>
