<annotation>
	<folder></folder>
	<filename>41_jpg.rf.9bfcf23662972cb514b5b3570736a188.jpg</filename>
	<path>41_jpg.rf.9bfcf23662972cb514b5b3570736a188.jpg</path>
	<source>
		<database>roboflow.ai</database>
	</source>
	<size>
		<width>416</width>
		<height>416</height>
		<depth>3</depth>
	</size>
	<segmented>0</segmented>
	<object>
		<name>0</name>
		<pose>Unspecified</pose>
		<truncated>0</truncated>
		<difficult>0</difficult>
		<occluded>0</occluded>
		<bndbox>
			<xmin>120</xmin>
			<xmax>379</xmax>
			<ymin>17</ymin>
			<ymax>304</ymax>
		</bndbox>
	</object>
</annotation>
