<annotation>
	<folder></folder>
	<filename>420_jpg.rf.5e488711ce6a2e11bc57e0f3f8647d33.jpg</filename>
	<path>420_jpg.rf.5e488711ce6a2e11bc57e0f3f8647d33.jpg</path>
	<source>
		<database>roboflow.ai</database>
	</source>
	<size>
		<width>416</width>
		<height>416</height>
		<depth>3</depth>
	</size>
	<segmented>0</segmented>
	<object>
		<name>0</name>
		<pose>Unspecified</pose>
		<truncated>0</truncated>
		<difficult>0</difficult>
		<occluded>0</occluded>
		<bndbox>
			<xmin>123</xmin>
			<xmax>191</xmax>
			<ymin>111</ymin>
			<ymax>166</ymax>
		</bndbox>
	</object>
	<object>
		<name>0</name>
		<pose>Unspecified</pose>
		<truncated>0</truncated>
		<difficult>0</difficult>
		<occluded>0</occluded>
		<bndbox>
			<xmin>370</xmin>
			<xmax>412</xmax>
			<ymin>25</ymin>
			<ymax>65</ymax>
		</bndbox>
	</object>
</annotation>
