<annotation>
	<folder></folder>
	<filename>424_jpg.rf.1c3a435010f1958e8095aaffed2079c2.jpg</filename>
	<path>424_jpg.rf.1c3a435010f1958e8095aaffed2079c2.jpg</path>
	<source>
		<database>roboflow.ai</database>
	</source>
	<size>
		<width>416</width>
		<height>416</height>
		<depth>3</depth>
	</size>
	<segmented>0</segmented>
	<object>
		<name>0</name>
		<pose>Unspecified</pose>
		<truncated>0</truncated>
		<difficult>0</difficult>
		<occluded>0</occluded>
		<bndbox>
			<xmin>65</xmin>
			<xmax>94</xmax>
			<ymin>23</ymin>
			<ymax>56</ymax>
		</bndbox>
	</object>
	<object>
		<name>0</name>
		<pose>Unspecified</pose>
		<truncated>0</truncated>
		<difficult>0</difficult>
		<occluded>0</occluded>
		<bndbox>
			<xmin>295</xmin>
			<xmax>329</xmax>
			<ymin>147</ymin>
			<ymax>175</ymax>
		</bndbox>
	</object>
</annotation>
