<annotation>
	<folder></folder>
	<filename>425_jpg.rf.476622ddbe33a677b9241537aad9495b.jpg</filename>
	<path>425_jpg.rf.476622ddbe33a677b9241537aad9495b.jpg</path>
	<source>
		<database>roboflow.ai</database>
	</source>
	<size>
		<width>416</width>
		<height>416</height>
		<depth>3</depth>
	</size>
	<segmented>0</segmented>
	<object>
		<name>0</name>
		<pose>Unspecified</pose>
		<truncated>0</truncated>
		<difficult>0</difficult>
		<occluded>0</occluded>
		<bndbox>
			<xmin>65</xmin>
			<xmax>97</xmax>
			<ymin>18</ymin>
			<ymax>52</ymax>
		</bndbox>
	</object>
	<object>
		<name>0</name>
		<pose>Unspecified</pose>
		<truncated>0</truncated>
		<difficult>0</difficult>
		<occluded>0</occluded>
		<bndbox>
			<xmin>293</xmin>
			<xmax>330</xmax>
			<ymin>149</ymin>
			<ymax>175</ymax>
		</bndbox>
	</object>
</annotation>
