<annotation>
	<folder></folder>
	<filename>427_jpg.rf.c6b1c15c56bf3330f8e43d90c9f19bb5.jpg</filename>
	<path>427_jpg.rf.c6b1c15c56bf3330f8e43d90c9f19bb5.jpg</path>
	<source>
		<database>roboflow.ai</database>
	</source>
	<size>
		<width>416</width>
		<height>416</height>
		<depth>3</depth>
	</size>
	<segmented>0</segmented>
	<object>
		<name>0</name>
		<pose>Unspecified</pose>
		<truncated>0</truncated>
		<difficult>0</difficult>
		<occluded>0</occluded>
		<bndbox>
			<xmin>62</xmin>
			<xmax>89</xmax>
			<ymin>126</ymin>
			<ymax>149</ymax>
		</bndbox>
	</object>
	<object>
		<name>0</name>
		<pose>Unspecified</pose>
		<truncated>0</truncated>
		<difficult>0</difficult>
		<occluded>0</occluded>
		<bndbox>
			<xmin>265</xmin>
			<xmax>297</xmax>
			<ymin>92</ymin>
			<ymax>122</ymax>
		</bndbox>
	</object>
</annotation>
