<annotation>
	<folder></folder>
	<filename>428_jpg.rf.b9838c49afef3807dfbfe0a1deb8b5ab.jpg</filename>
	<path>428_jpg.rf.b9838c49afef3807dfbfe0a1deb8b5ab.jpg</path>
	<source>
		<database>roboflow.ai</database>
	</source>
	<size>
		<width>416</width>
		<height>416</height>
		<depth>3</depth>
	</size>
	<segmented>0</segmented>
	<object>
		<name>0</name>
		<pose>Unspecified</pose>
		<truncated>0</truncated>
		<difficult>0</difficult>
		<occluded>0</occluded>
		<bndbox>
			<xmin>61</xmin>
			<xmax>87</xmax>
			<ymin>129</ymin>
			<ymax>149</ymax>
		</bndbox>
	</object>
	<object>
		<name>0</name>
		<pose>Unspecified</pose>
		<truncated>0</truncated>
		<difficult>0</difficult>
		<occluded>0</occluded>
		<bndbox>
			<xmin>263</xmin>
			<xmax>297</xmax>
			<ymin>87</ymin>
			<ymax>123</ymax>
		</bndbox>
	</object>
</annotation>
