<annotation>
	<folder></folder>
	<filename>430_jpg.rf.e5a42fae6f9562a80d22ce19bcddf28a.jpg</filename>
	<path>430_jpg.rf.e5a42fae6f9562a80d22ce19bcddf28a.jpg</path>
	<source>
		<database>roboflow.ai</database>
	</source>
	<size>
		<width>416</width>
		<height>416</height>
		<depth>3</depth>
	</size>
	<segmented>0</segmented>
	<object>
		<name>0</name>
		<pose>Unspecified</pose>
		<truncated>0</truncated>
		<difficult>0</difficult>
		<occluded>0</occluded>
		<bndbox>
			<xmin>60</xmin>
			<xmax>84</xmax>
			<ymin>131</ymin>
			<ymax>152</ymax>
		</bndbox>
	</object>
	<object>
		<name>0</name>
		<pose>Unspecified</pose>
		<truncated>0</truncated>
		<difficult>0</difficult>
		<occluded>0</occluded>
		<bndbox>
			<xmin>261</xmin>
			<xmax>294</xmax>
			<ymin>85</ymin>
			<ymax>122</ymax>
		</bndbox>
	</object>
</annotation>
