<annotation>
	<folder></folder>
	<filename>431_jpg.rf.db408946a3e9b94602530f23b3380c9c.jpg</filename>
	<path>431_jpg.rf.db408946a3e9b94602530f23b3380c9c.jpg</path>
	<source>
		<database>roboflow.ai</database>
	</source>
	<size>
		<width>416</width>
		<height>416</height>
		<depth>3</depth>
	</size>
	<segmented>0</segmented>
	<object>
		<name>0</name>
		<pose>Unspecified</pose>
		<truncated>0</truncated>
		<difficult>0</difficult>
		<occluded>0</occluded>
		<bndbox>
			<xmin>60</xmin>
			<xmax>82</xmax>
			<ymin>132</ymin>
			<ymax>150</ymax>
		</bndbox>
	</object>
	<object>
		<name>0</name>
		<pose>Unspecified</pose>
		<truncated>0</truncated>
		<difficult>0</difficult>
		<occluded>0</occluded>
		<bndbox>
			<xmin>261</xmin>
			<xmax>293</xmax>
			<ymin>81</ymin>
			<ymax>123</ymax>
		</bndbox>
	</object>
</annotation>
