<annotation>
	<folder></folder>
	<filename>433_jpg.rf.41993caff524c89e3884c86376adfefe.jpg</filename>
	<path>433_jpg.rf.41993caff524c89e3884c86376adfefe.jpg</path>
	<source>
		<database>roboflow.ai</database>
	</source>
	<size>
		<width>416</width>
		<height>416</height>
		<depth>3</depth>
	</size>
	<segmented>0</segmented>
	<object>
		<name>0</name>
		<pose>Unspecified</pose>
		<truncated>0</truncated>
		<difficult>0</difficult>
		<occluded>0</occluded>
		<bndbox>
			<xmin>61</xmin>
			<xmax>85</xmax>
			<ymin>128</ymin>
			<ymax>151</ymax>
		</bndbox>
	</object>
	<object>
		<name>0</name>
		<pose>Unspecified</pose>
		<truncated>0</truncated>
		<difficult>0</difficult>
		<occluded>0</occluded>
		<bndbox>
			<xmin>263</xmin>
			<xmax>300</xmax>
			<ymin>78</ymin>
			<ymax>118</ymax>
		</bndbox>
	</object>
</annotation>
