<annotation>
	<folder></folder>
	<filename>434_jpg.rf.48fe575c0e6391123cd27bebabc98819.jpg</filename>
	<path>434_jpg.rf.48fe575c0e6391123cd27bebabc98819.jpg</path>
	<source>
		<database>roboflow.ai</database>
	</source>
	<size>
		<width>416</width>
		<height>416</height>
		<depth>3</depth>
	</size>
	<segmented>0</segmented>
	<object>
		<name>0</name>
		<pose>Unspecified</pose>
		<truncated>0</truncated>
		<difficult>0</difficult>
		<occluded>0</occluded>
		<bndbox>
			<xmin>61</xmin>
			<xmax>87</xmax>
			<ymin>127</ymin>
			<ymax>151</ymax>
		</bndbox>
	</object>
	<object>
		<name>0</name>
		<pose>Unspecified</pose>
		<truncated>0</truncated>
		<difficult>0</difficult>
		<occluded>0</occluded>
		<bndbox>
			<xmin>266</xmin>
			<xmax>298</xmax>
			<ymin>74</ymin>
			<ymax>113</ymax>
		</bndbox>
	</object>
</annotation>
