<annotation>
	<folder></folder>
	<filename>437_jpg.rf.317a0cd110efa4d7aa2c4b1e85dd2ea7.jpg</filename>
	<path>437_jpg.rf.317a0cd110efa4d7aa2c4b1e85dd2ea7.jpg</path>
	<source>
		<database>roboflow.ai</database>
	</source>
	<size>
		<width>416</width>
		<height>416</height>
		<depth>3</depth>
	</size>
	<segmented>0</segmented>
	<object>
		<name>0</name>
		<pose>Unspecified</pose>
		<truncated>0</truncated>
		<difficult>0</difficult>
		<occluded>0</occluded>
		<bndbox>
			<xmin>63</xmin>
			<xmax>88</xmax>
			<ymin>132</ymin>
			<ymax>153</ymax>
		</bndbox>
	</object>
	<object>
		<name>0</name>
		<pose>Unspecified</pose>
		<truncated>0</truncated>
		<difficult>0</difficult>
		<occluded>0</occluded>
		<bndbox>
			<xmin>265</xmin>
			<xmax>299</xmax>
			<ymin>78</ymin>
			<ymax>119</ymax>
		</bndbox>
	</object>
</annotation>
