<annotation>
	<folder></folder>
	<filename>43_jpg.rf.c01cdf62f5f5ad193abb703b962925dc.jpg</filename>
	<path>43_jpg.rf.c01cdf62f5f5ad193abb703b962925dc.jpg</path>
	<source>
		<database>roboflow.ai</database>
	</source>
	<size>
		<width>416</width>
		<height>416</height>
		<depth>3</depth>
	</size>
	<segmented>0</segmented>
	<object>
		<name>0</name>
		<pose>Unspecified</pose>
		<truncated>0</truncated>
		<difficult>0</difficult>
		<occluded>0</occluded>
		<bndbox>
			<xmin>79</xmin>
			<xmax>106</xmax>
			<ymin>219</ymin>
			<ymax>245</ymax>
		</bndbox>
	</object>
</annotation>
