<annotation>
	<folder></folder>
	<filename>440_jpg.rf.646162973654371a029103c3e5b5184e.jpg</filename>
	<path>440_jpg.rf.646162973654371a029103c3e5b5184e.jpg</path>
	<source>
		<database>roboflow.ai</database>
	</source>
	<size>
		<width>416</width>
		<height>416</height>
		<depth>3</depth>
	</size>
	<segmented>0</segmented>
	<object>
		<name>0</name>
		<pose>Unspecified</pose>
		<truncated>0</truncated>
		<difficult>0</difficult>
		<occluded>0</occluded>
		<bndbox>
			<xmin>20</xmin>
			<xmax>42</xmax>
			<ymin>68</ymin>
			<ymax>90</ymax>
		</bndbox>
	</object>
	<object>
		<name>0</name>
		<pose>Unspecified</pose>
		<truncated>0</truncated>
		<difficult>0</difficult>
		<occluded>0</occluded>
		<bndbox>
			<xmin>236</xmin>
			<xmax>255</xmax>
			<ymin>154</ymin>
			<ymax>170</ymax>
		</bndbox>
	</object>
</annotation>
