<annotation>
	<folder></folder>
	<filename>442_jpg.rf.fc4b38a6bbe1f217b168111092a8a55e.jpg</filename>
	<path>442_jpg.rf.fc4b38a6bbe1f217b168111092a8a55e.jpg</path>
	<source>
		<database>roboflow.ai</database>
	</source>
	<size>
		<width>416</width>
		<height>416</height>
		<depth>3</depth>
	</size>
	<segmented>0</segmented>
	<object>
		<name>0</name>
		<pose>Unspecified</pose>
		<truncated>0</truncated>
		<difficult>0</difficult>
		<occluded>0</occluded>
		<bndbox>
			<xmin>20</xmin>
			<xmax>40</xmax>
			<ymin>63</ymin>
			<ymax>84</ymax>
		</bndbox>
	</object>
	<object>
		<name>0</name>
		<pose>Unspecified</pose>
		<truncated>0</truncated>
		<difficult>0</difficult>
		<occluded>0</occluded>
		<bndbox>
			<xmin>237</xmin>
			<xmax>255</xmax>
			<ymin>149</ymin>
			<ymax>164</ymax>
		</bndbox>
	</object>
</annotation>
