<annotation>
	<folder></folder>
	<filename>444_jpg.rf.16ac01b463ba8fb2f94f5448f498d4c5.jpg</filename>
	<path>444_jpg.rf.16ac01b463ba8fb2f94f5448f498d4c5.jpg</path>
	<source>
		<database>roboflow.ai</database>
	</source>
	<size>
		<width>416</width>
		<height>416</height>
		<depth>3</depth>
	</size>
	<segmented>0</segmented>
	<object>
		<name>0</name>
		<pose>Unspecified</pose>
		<truncated>0</truncated>
		<difficult>0</difficult>
		<occluded>0</occluded>
		<bndbox>
			<xmin>139</xmin>
			<xmax>183</xmax>
			<ymin>152</ymin>
			<ymax>180</ymax>
		</bndbox>
	</object>
</annotation>
