<annotation>
	<folder></folder>
	<filename>445_jpg.rf.ced9e4ab99cdea64db07eb4be6b9a288.jpg</filename>
	<path>445_jpg.rf.ced9e4ab99cdea64db07eb4be6b9a288.jpg</path>
	<source>
		<database>roboflow.ai</database>
	</source>
	<size>
		<width>416</width>
		<height>416</height>
		<depth>3</depth>
	</size>
	<segmented>0</segmented>
	<object>
		<name>0</name>
		<pose>Unspecified</pose>
		<truncated>0</truncated>
		<difficult>0</difficult>
		<occluded>0</occluded>
		<bndbox>
			<xmin>139</xmin>
			<xmax>186</xmax>
			<ymin>155</ymin>
			<ymax>176</ymax>
		</bndbox>
	</object>
</annotation>
