<annotation>
	<folder></folder>
	<filename>446_jpg.rf.92db9dd554f6ffcc9e1b12ffebf42480.jpg</filename>
	<path>446_jpg.rf.92db9dd554f6ffcc9e1b12ffebf42480.jpg</path>
	<source>
		<database>roboflow.ai</database>
	</source>
	<size>
		<width>416</width>
		<height>416</height>
		<depth>3</depth>
	</size>
	<segmented>0</segmented>
	<object>
		<name>0</name>
		<pose>Unspecified</pose>
		<truncated>0</truncated>
		<difficult>0</difficult>
		<occluded>0</occluded>
		<bndbox>
			<xmin>137</xmin>
			<xmax>186</xmax>
			<ymin>156</ymin>
			<ymax>176</ymax>
		</bndbox>
	</object>
</annotation>
