<annotation>
	<folder></folder>
	<filename>447_jpg.rf.aedebaa32b298ae2d8876d423a7ad432.jpg</filename>
	<path>447_jpg.rf.aedebaa32b298ae2d8876d423a7ad432.jpg</path>
	<source>
		<database>roboflow.ai</database>
	</source>
	<size>
		<width>416</width>
		<height>416</height>
		<depth>3</depth>
	</size>
	<segmented>0</segmented>
	<object>
		<name>0</name>
		<pose>Unspecified</pose>
		<truncated>0</truncated>
		<difficult>0</difficult>
		<occluded>0</occluded>
		<bndbox>
			<xmin>140</xmin>
			<xmax>178</xmax>
			<ymin>154</ymin>
			<ymax>176</ymax>
		</bndbox>
	</object>
</annotation>
