<annotation>
	<folder></folder>
	<filename>448_jpg.rf.ec027d742245d5fc7e7f502b953de2eb.jpg</filename>
	<path>448_jpg.rf.ec027d742245d5fc7e7f502b953de2eb.jpg</path>
	<source>
		<database>roboflow.ai</database>
	</source>
	<size>
		<width>416</width>
		<height>416</height>
		<depth>3</depth>
	</size>
	<segmented>0</segmented>
	<object>
		<name>0</name>
		<pose>Unspecified</pose>
		<truncated>0</truncated>
		<difficult>0</difficult>
		<occluded>0</occluded>
		<bndbox>
			<xmin>139</xmin>
			<xmax>185</xmax>
			<ymin>155</ymin>
			<ymax>174</ymax>
		</bndbox>
	</object>
</annotation>
