<annotation>
	<folder></folder>
	<filename>449_jpg.rf.ba396b111af2cfe3db005de5cc673066.jpg</filename>
	<path>449_jpg.rf.ba396b111af2cfe3db005de5cc673066.jpg</path>
	<source>
		<database>roboflow.ai</database>
	</source>
	<size>
		<width>416</width>
		<height>416</height>
		<depth>3</depth>
	</size>
	<segmented>0</segmented>
	<object>
		<name>0</name>
		<pose>Unspecified</pose>
		<truncated>0</truncated>
		<difficult>0</difficult>
		<occluded>0</occluded>
		<bndbox>
			<xmin>139</xmin>
			<xmax>184</xmax>
			<ymin>159</ymin>
			<ymax>171</ymax>
		</bndbox>
	</object>
</annotation>
