<annotation>
	<folder></folder>
	<filename>44_jpg.rf.63e0acc6bb19b536d310a93006786a6b.jpg</filename>
	<path>44_jpg.rf.63e0acc6bb19b536d310a93006786a6b.jpg</path>
	<source>
		<database>roboflow.ai</database>
	</source>
	<size>
		<width>416</width>
		<height>416</height>
		<depth>3</depth>
	</size>
	<segmented>0</segmented>
	<object>
		<name>0</name>
		<pose>Unspecified</pose>
		<truncated>0</truncated>
		<difficult>0</difficult>
		<occluded>0</occluded>
		<bndbox>
			<xmin>51</xmin>
			<xmax>363</xmax>
			<ymin>73</ymin>
			<ymax>203</ymax>
		</bndbox>
	</object>
</annotation>
