<annotation>
	<folder></folder>
	<filename>451_jpg.rf.37ca880552347e1b0c3943580f85713b.jpg</filename>
	<path>451_jpg.rf.37ca880552347e1b0c3943580f85713b.jpg</path>
	<source>
		<database>roboflow.ai</database>
	</source>
	<size>
		<width>416</width>
		<height>416</height>
		<depth>3</depth>
	</size>
	<segmented>0</segmented>
	<object>
		<name>0</name>
		<pose>Unspecified</pose>
		<truncated>0</truncated>
		<difficult>0</difficult>
		<occluded>0</occluded>
		<bndbox>
			<xmin>138</xmin>
			<xmax>184</xmax>
			<ymin>159</ymin>
			<ymax>172</ymax>
		</bndbox>
	</object>
</annotation>
