<annotation>
	<folder></folder>
	<filename>453_jpg.rf.453f194e863d08e6682d872e236fdb64.jpg</filename>
	<path>453_jpg.rf.453f194e863d08e6682d872e236fdb64.jpg</path>
	<source>
		<database>roboflow.ai</database>
	</source>
	<size>
		<width>416</width>
		<height>416</height>
		<depth>3</depth>
	</size>
	<segmented>0</segmented>
	<object>
		<name>0</name>
		<pose>Unspecified</pose>
		<truncated>0</truncated>
		<difficult>0</difficult>
		<occluded>0</occluded>
		<bndbox>
			<xmin>140</xmin>
			<xmax>181</xmax>
			<ymin>157</ymin>
			<ymax>172</ymax>
		</bndbox>
	</object>
</annotation>
