<annotation>
	<folder></folder>
	<filename>454_jpg.rf.766796c9ca21788296cb245c7945fb09.jpg</filename>
	<path>454_jpg.rf.766796c9ca21788296cb245c7945fb09.jpg</path>
	<source>
		<database>roboflow.ai</database>
	</source>
	<size>
		<width>416</width>
		<height>416</height>
		<depth>3</depth>
	</size>
	<segmented>0</segmented>
	<object>
		<name>0</name>
		<pose>Unspecified</pose>
		<truncated>0</truncated>
		<difficult>0</difficult>
		<occluded>0</occluded>
		<bndbox>
			<xmin>141</xmin>
			<xmax>183</xmax>
			<ymin>157</ymin>
			<ymax>173</ymax>
		</bndbox>
	</object>
</annotation>
