<annotation>
	<folder></folder>
	<filename>457_jpg.rf.4ec9a2193af3c975f2c41a89c23b2979.jpg</filename>
	<path>457_jpg.rf.4ec9a2193af3c975f2c41a89c23b2979.jpg</path>
	<source>
		<database>roboflow.ai</database>
	</source>
	<size>
		<width>416</width>
		<height>416</height>
		<depth>3</depth>
	</size>
	<segmented>0</segmented>
	<object>
		<name>0</name>
		<pose>Unspecified</pose>
		<truncated>0</truncated>
		<difficult>0</difficult>
		<occluded>0</occluded>
		<bndbox>
			<xmin>143</xmin>
			<xmax>185</xmax>
			<ymin>157</ymin>
			<ymax>172</ymax>
		</bndbox>
	</object>
</annotation>
