<annotation>
	<folder></folder>
	<filename>459_jpg.rf.40b7a573ce962ebb6c8f56eb353019b1.jpg</filename>
	<path>459_jpg.rf.40b7a573ce962ebb6c8f56eb353019b1.jpg</path>
	<source>
		<database>roboflow.ai</database>
	</source>
	<size>
		<width>416</width>
		<height>416</height>
		<depth>3</depth>
	</size>
	<segmented>0</segmented>
	<object>
		<name>0</name>
		<pose>Unspecified</pose>
		<truncated>0</truncated>
		<difficult>0</difficult>
		<occluded>0</occluded>
		<bndbox>
			<xmin>141</xmin>
			<xmax>182</xmax>
			<ymin>158</ymin>
			<ymax>173</ymax>
		</bndbox>
	</object>
</annotation>
