<annotation>
	<folder></folder>
	<filename>45_jpg.rf.cfe20d6bedb50d53ee80c7fbbd0fba83.jpg</filename>
	<path>45_jpg.rf.cfe20d6bedb50d53ee80c7fbbd0fba83.jpg</path>
	<source>
		<database>roboflow.ai</database>
	</source>
	<size>
		<width>416</width>
		<height>416</height>
		<depth>3</depth>
	</size>
	<segmented>0</segmented>
	<object>
		<name>0</name>
		<pose>Unspecified</pose>
		<truncated>0</truncated>
		<difficult>0</difficult>
		<occluded>0</occluded>
		<bndbox>
			<xmin>196</xmin>
			<xmax>350</xmax>
			<ymin>53</ymin>
			<ymax>227</ymax>
		</bndbox>
	</object>
</annotation>
