<annotation>
	<folder></folder>
	<filename>460_jpg.rf.766f6580e6786f2c4a38052f4517cfdd.jpg</filename>
	<path>460_jpg.rf.766f6580e6786f2c4a38052f4517cfdd.jpg</path>
	<source>
		<database>roboflow.ai</database>
	</source>
	<size>
		<width>416</width>
		<height>416</height>
		<depth>3</depth>
	</size>
	<segmented>0</segmented>
	<object>
		<name>0</name>
		<pose>Unspecified</pose>
		<truncated>0</truncated>
		<difficult>0</difficult>
		<occluded>0</occluded>
		<bndbox>
			<xmin>138</xmin>
			<xmax>186</xmax>
			<ymin>158</ymin>
			<ymax>172</ymax>
		</bndbox>
	</object>
</annotation>
