<annotation>
	<folder></folder>
	<filename>465_jpg.rf.c0b928879fa10dd7d00ee066f116ddb7.jpg</filename>
	<path>465_jpg.rf.c0b928879fa10dd7d00ee066f116ddb7.jpg</path>
	<source>
		<database>roboflow.ai</database>
	</source>
	<size>
		<width>416</width>
		<height>416</height>
		<depth>3</depth>
	</size>
	<segmented>0</segmented>
	<object>
		<name>0</name>
		<pose>Unspecified</pose>
		<truncated>0</truncated>
		<difficult>0</difficult>
		<occluded>0</occluded>
		<bndbox>
			<xmin>138</xmin>
			<xmax>185</xmax>
			<ymin>157</ymin>
			<ymax>175</ymax>
		</bndbox>
	</object>
</annotation>
