<annotation>
	<folder></folder>
	<filename>466_jpg.rf.f5bf2f6737245eec74f4a19133889906.jpg</filename>
	<path>466_jpg.rf.f5bf2f6737245eec74f4a19133889906.jpg</path>
	<source>
		<database>roboflow.ai</database>
	</source>
	<size>
		<width>416</width>
		<height>416</height>
		<depth>3</depth>
	</size>
	<segmented>0</segmented>
	<object>
		<name>0</name>
		<pose>Unspecified</pose>
		<truncated>0</truncated>
		<difficult>0</difficult>
		<occluded>0</occluded>
		<bndbox>
			<xmin>9</xmin>
			<xmax>29</xmax>
			<ymin>139</ymin>
			<ymax>153</ymax>
		</bndbox>
	</object>
	<object>
		<name>0</name>
		<pose>Unspecified</pose>
		<truncated>0</truncated>
		<difficult>0</difficult>
		<occluded>0</occluded>
		<bndbox>
			<xmin>218</xmin>
			<xmax>249</xmax>
			<ymin>199</ymin>
			<ymax>222</ymax>
		</bndbox>
	</object>
</annotation>
