<annotation>
	<folder></folder>
	<filename>469_jpg.rf.e2da34753099c4ebb80baf3335cd6f45.jpg</filename>
	<path>469_jpg.rf.e2da34753099c4ebb80baf3335cd6f45.jpg</path>
	<source>
		<database>roboflow.ai</database>
	</source>
	<size>
		<width>416</width>
		<height>416</height>
		<depth>3</depth>
	</size>
	<segmented>0</segmented>
	<object>
		<name>0</name>
		<pose>Unspecified</pose>
		<truncated>0</truncated>
		<difficult>0</difficult>
		<occluded>0</occluded>
		<bndbox>
			<xmin>24</xmin>
			<xmax>40</xmax>
			<ymin>146</ymin>
			<ymax>163</ymax>
		</bndbox>
	</object>
	<object>
		<name>0</name>
		<pose>Unspecified</pose>
		<truncated>0</truncated>
		<difficult>0</difficult>
		<occluded>0</occluded>
		<bndbox>
			<xmin>225</xmin>
			<xmax>257</xmax>
			<ymin>205</ymin>
			<ymax>227</ymax>
		</bndbox>
	</object>
</annotation>
