<annotation>
	<folder></folder>
	<filename>46_jpg.rf.94d4f215ca65056b6ad75041d01c344d.jpg</filename>
	<path>46_jpg.rf.94d4f215ca65056b6ad75041d01c344d.jpg</path>
	<source>
		<database>roboflow.ai</database>
	</source>
	<size>
		<width>416</width>
		<height>416</height>
		<depth>3</depth>
	</size>
	<segmented>0</segmented>
	<object>
		<name>0</name>
		<pose>Unspecified</pose>
		<truncated>0</truncated>
		<difficult>0</difficult>
		<occluded>0</occluded>
		<bndbox>
			<xmin>135</xmin>
			<xmax>190</xmax>
			<ymin>54</ymin>
			<ymax>95</ymax>
		</bndbox>
	</object>
</annotation>
