<annotation>
	<folder></folder>
	<filename>470_jpg.rf.c8e18a9fd64b523d6b0c7de728052b1f.jpg</filename>
	<path>470_jpg.rf.c8e18a9fd64b523d6b0c7de728052b1f.jpg</path>
	<source>
		<database>roboflow.ai</database>
	</source>
	<size>
		<width>416</width>
		<height>416</height>
		<depth>3</depth>
	</size>
	<segmented>0</segmented>
	<object>
		<name>0</name>
		<pose>Unspecified</pose>
		<truncated>0</truncated>
		<difficult>0</difficult>
		<occluded>0</occluded>
		<bndbox>
			<xmin>29</xmin>
			<xmax>45</xmax>
			<ymin>152</ymin>
			<ymax>167</ymax>
		</bndbox>
	</object>
	<object>
		<name>0</name>
		<pose>Unspecified</pose>
		<truncated>0</truncated>
		<difficult>0</difficult>
		<occluded>0</occluded>
		<bndbox>
			<xmin>228</xmin>
			<xmax>258</xmax>
			<ymin>210</ymin>
			<ymax>230</ymax>
		</bndbox>
	</object>
</annotation>
