<annotation>
	<folder></folder>
	<filename>472_jpg.rf.9046e49615f2e8c11d21c2b09623cbd4.jpg</filename>
	<path>472_jpg.rf.9046e49615f2e8c11d21c2b09623cbd4.jpg</path>
	<source>
		<database>roboflow.ai</database>
	</source>
	<size>
		<width>416</width>
		<height>416</height>
		<depth>3</depth>
	</size>
	<segmented>0</segmented>
	<object>
		<name>0</name>
		<pose>Unspecified</pose>
		<truncated>0</truncated>
		<difficult>0</difficult>
		<occluded>0</occluded>
		<bndbox>
			<xmin>23</xmin>
			<xmax>401</xmax>
			<ymin>57</ymin>
			<ymax>325</ymax>
		</bndbox>
	</object>
</annotation>
