<annotation>
	<folder></folder>
	<filename>473_jpg.rf.98aa9cd6cd1ea33ea5b074c96703e1b0.jpg</filename>
	<path>473_jpg.rf.98aa9cd6cd1ea33ea5b074c96703e1b0.jpg</path>
	<source>
		<database>roboflow.ai</database>
	</source>
	<size>
		<width>416</width>
		<height>416</height>
		<depth>3</depth>
	</size>
	<segmented>0</segmented>
	<object>
		<name>0</name>
		<pose>Unspecified</pose>
		<truncated>0</truncated>
		<difficult>0</difficult>
		<occluded>0</occluded>
		<bndbox>
			<xmin>19</xmin>
			<xmax>403</xmax>
			<ymin>59</ymin>
			<ymax>364</ymax>
		</bndbox>
	</object>
</annotation>
