<annotation>
	<folder></folder>
	<filename>474_jpg.rf.7f46047ec77154507e7e131d2d3b9d8c.jpg</filename>
	<path>474_jpg.rf.7f46047ec77154507e7e131d2d3b9d8c.jpg</path>
	<source>
		<database>roboflow.ai</database>
	</source>
	<size>
		<width>416</width>
		<height>416</height>
		<depth>3</depth>
	</size>
	<segmented>0</segmented>
	<object>
		<name>0</name>
		<pose>Unspecified</pose>
		<truncated>0</truncated>
		<difficult>0</difficult>
		<occluded>0</occluded>
		<bndbox>
			<xmin>15</xmin>
			<xmax>406</xmax>
			<ymin>58</ymin>
			<ymax>368</ymax>
		</bndbox>
	</object>
</annotation>
