<annotation>
	<folder></folder>
	<filename>475_jpg.rf.f030c1ecb63fd1986f87bea0c1b978de.jpg</filename>
	<path>475_jpg.rf.f030c1ecb63fd1986f87bea0c1b978de.jpg</path>
	<source>
		<database>roboflow.ai</database>
	</source>
	<size>
		<width>416</width>
		<height>416</height>
		<depth>3</depth>
	</size>
	<segmented>0</segmented>
	<object>
		<name>0</name>
		<pose>Unspecified</pose>
		<truncated>0</truncated>
		<difficult>0</difficult>
		<occluded>0</occluded>
		<bndbox>
			<xmin>12</xmin>
			<xmax>408</xmax>
			<ymin>59</ymin>
			<ymax>366</ymax>
		</bndbox>
	</object>
</annotation>
