<annotation>
	<folder></folder>
	<filename>477_jpg.rf.740a61c4f681380c4875967e5c9fef46.jpg</filename>
	<path>477_jpg.rf.740a61c4f681380c4875967e5c9fef46.jpg</path>
	<source>
		<database>roboflow.ai</database>
	</source>
	<size>
		<width>416</width>
		<height>416</height>
		<depth>3</depth>
	</size>
	<segmented>0</segmented>
	<object>
		<name>0</name>
		<pose>Unspecified</pose>
		<truncated>0</truncated>
		<difficult>0</difficult>
		<occluded>0</occluded>
		<bndbox>
			<xmin>64</xmin>
			<xmax>373</xmax>
			<ymin>80</ymin>
			<ymax>345</ymax>
		</bndbox>
	</object>
</annotation>
