<annotation>
	<folder></folder>
	<filename>479_jpg.rf.3812a63db9957fe8eca44604c1c81511.jpg</filename>
	<path>479_jpg.rf.3812a63db9957fe8eca44604c1c81511.jpg</path>
	<source>
		<database>roboflow.ai</database>
	</source>
	<size>
		<width>416</width>
		<height>416</height>
		<depth>3</depth>
	</size>
	<segmented>0</segmented>
	<object>
		<name>0</name>
		<pose>Unspecified</pose>
		<truncated>0</truncated>
		<difficult>0</difficult>
		<occluded>0</occluded>
		<bndbox>
			<xmin>46</xmin>
			<xmax>217</xmax>
			<ymin>118</ymin>
			<ymax>298</ymax>
		</bndbox>
	</object>
	<object>
		<name>0</name>
		<pose>Unspecified</pose>
		<truncated>0</truncated>
		<difficult>0</difficult>
		<occluded>0</occluded>
		<bndbox>
			<xmin>208</xmin>
			<xmax>392</xmax>
			<ymin>81</ymin>
			<ymax>182</ymax>
		</bndbox>
	</object>
</annotation>
