<annotation>
	<folder></folder>
	<filename>481_jpg.rf.58f0b20c0bfde92656afc1b2210db2d7.jpg</filename>
	<path>481_jpg.rf.58f0b20c0bfde92656afc1b2210db2d7.jpg</path>
	<source>
		<database>roboflow.ai</database>
	</source>
	<size>
		<width>416</width>
		<height>416</height>
		<depth>3</depth>
	</size>
	<segmented>0</segmented>
	<object>
		<name>0</name>
		<pose>Unspecified</pose>
		<truncated>0</truncated>
		<difficult>0</difficult>
		<occluded>0</occluded>
		<bndbox>
			<xmin>150</xmin>
			<xmax>295</xmax>
			<ymin>297</ymin>
			<ymax>374</ymax>
		</bndbox>
	</object>
</annotation>
