<annotation>
	<folder></folder>
	<filename>482_jpg.rf.9c7cc98d9484dcf2b88a5052eea4b5e5.jpg</filename>
	<path>482_jpg.rf.9c7cc98d9484dcf2b88a5052eea4b5e5.jpg</path>
	<source>
		<database>roboflow.ai</database>
	</source>
	<size>
		<width>416</width>
		<height>416</height>
		<depth>3</depth>
	</size>
	<segmented>0</segmented>
	<object>
		<name>0</name>
		<pose>Unspecified</pose>
		<truncated>0</truncated>
		<difficult>0</difficult>
		<occluded>0</occluded>
		<bndbox>
			<xmin>151</xmin>
			<xmax>290</xmax>
			<ymin>291</ymin>
			<ymax>408</ymax>
		</bndbox>
	</object>
</annotation>
