<annotation>
	<folder></folder>
	<filename>484_jpg.rf.87a923cf3d53c8bcb282b65d726a8bac.jpg</filename>
	<path>484_jpg.rf.87a923cf3d53c8bcb282b65d726a8bac.jpg</path>
	<source>
		<database>roboflow.ai</database>
	</source>
	<size>
		<width>416</width>
		<height>416</height>
		<depth>3</depth>
	</size>
	<segmented>0</segmented>
	<object>
		<name>0</name>
		<pose>Unspecified</pose>
		<truncated>0</truncated>
		<difficult>0</difficult>
		<occluded>0</occluded>
		<bndbox>
			<xmin>153</xmin>
			<xmax>288</xmax>
			<ymin>277</ymin>
			<ymax>404</ymax>
		</bndbox>
	</object>
</annotation>
