<annotation>
	<folder></folder>
	<filename>486_jpg.rf.38f8e498a32dbe3ec3d50019cfbc1f6e.jpg</filename>
	<path>486_jpg.rf.38f8e498a32dbe3ec3d50019cfbc1f6e.jpg</path>
	<source>
		<database>roboflow.ai</database>
	</source>
	<size>
		<width>416</width>
		<height>416</height>
		<depth>3</depth>
	</size>
	<segmented>0</segmented>
	<object>
		<name>0</name>
		<pose>Unspecified</pose>
		<truncated>0</truncated>
		<difficult>0</difficult>
		<occluded>0</occluded>
		<bndbox>
			<xmin>152</xmin>
			<xmax>296</xmax>
			<ymin>283</ymin>
			<ymax>404</ymax>
		</bndbox>
	</object>
</annotation>
