<annotation>
	<folder></folder>
	<filename>487_jpg.rf.a9e36e37fc13358746ec06849209bbe6.jpg</filename>
	<path>487_jpg.rf.a9e36e37fc13358746ec06849209bbe6.jpg</path>
	<source>
		<database>roboflow.ai</database>
	</source>
	<size>
		<width>416</width>
		<height>416</height>
		<depth>3</depth>
	</size>
	<segmented>0</segmented>
	<object>
		<name>0</name>
		<pose>Unspecified</pose>
		<truncated>0</truncated>
		<difficult>0</difficult>
		<occluded>0</occluded>
		<bndbox>
			<xmin>165</xmin>
			<xmax>284</xmax>
			<ymin>296</ymin>
			<ymax>407</ymax>
		</bndbox>
	</object>
</annotation>
