<annotation>
	<folder></folder>
	<filename>488_jpg.rf.2d522f233ca995c566aa9efc7aeac8ea.jpg</filename>
	<path>488_jpg.rf.2d522f233ca995c566aa9efc7aeac8ea.jpg</path>
	<source>
		<database>roboflow.ai</database>
	</source>
	<size>
		<width>416</width>
		<height>416</height>
		<depth>3</depth>
	</size>
	<segmented>0</segmented>
	<object>
		<name>0</name>
		<pose>Unspecified</pose>
		<truncated>0</truncated>
		<difficult>0</difficult>
		<occluded>0</occluded>
		<bndbox>
			<xmin>171</xmin>
			<xmax>273</xmax>
			<ymin>300</ymin>
			<ymax>390</ymax>
		</bndbox>
	</object>
</annotation>
