<annotation>
	<folder></folder>
	<filename>490_jpg.rf.c17a345344b545c4cef3bf762b1d56b5.jpg</filename>
	<path>490_jpg.rf.c17a345344b545c4cef3bf762b1d56b5.jpg</path>
	<source>
		<database>roboflow.ai</database>
	</source>
	<size>
		<width>416</width>
		<height>416</height>
		<depth>3</depth>
	</size>
	<segmented>0</segmented>
	<object>
		<name>0</name>
		<pose>Unspecified</pose>
		<truncated>0</truncated>
		<difficult>0</difficult>
		<occluded>0</occluded>
		<bndbox>
			<xmin>161</xmin>
			<xmax>267</xmax>
			<ymin>296</ymin>
			<ymax>399</ymax>
		</bndbox>
	</object>
</annotation>
