<annotation>
	<folder></folder>
	<filename>494_jpg.rf.5f3f760e9f0f0b5ed207032992f62453.jpg</filename>
	<path>494_jpg.rf.5f3f760e9f0f0b5ed207032992f62453.jpg</path>
	<source>
		<database>roboflow.ai</database>
	</source>
	<size>
		<width>416</width>
		<height>416</height>
		<depth>3</depth>
	</size>
	<segmented>0</segmented>
	<object>
		<name>0</name>
		<pose>Unspecified</pose>
		<truncated>0</truncated>
		<difficult>0</difficult>
		<occluded>0</occluded>
		<bndbox>
			<xmin>148</xmin>
			<xmax>285</xmax>
			<ymin>280</ymin>
			<ymax>382</ymax>
		</bndbox>
	</object>
</annotation>
