<annotation>
	<folder></folder>
	<filename>495_jpg.rf.d39f457785fd306cf851344fc45d4ea2.jpg</filename>
	<path>495_jpg.rf.d39f457785fd306cf851344fc45d4ea2.jpg</path>
	<source>
		<database>roboflow.ai</database>
	</source>
	<size>
		<width>416</width>
		<height>416</height>
		<depth>3</depth>
	</size>
	<segmented>0</segmented>
	<object>
		<name>0</name>
		<pose>Unspecified</pose>
		<truncated>0</truncated>
		<difficult>0</difficult>
		<occluded>0</occluded>
		<bndbox>
			<xmin>147</xmin>
			<xmax>293</xmax>
			<ymin>263</ymin>
			<ymax>386</ymax>
		</bndbox>
	</object>
</annotation>
