<annotation>
	<folder></folder>
	<filename>496_jpg.rf.b8acdcdddb054cea51469f597b423a42.jpg</filename>
	<path>496_jpg.rf.b8acdcdddb054cea51469f597b423a42.jpg</path>
	<source>
		<database>roboflow.ai</database>
	</source>
	<size>
		<width>416</width>
		<height>416</height>
		<depth>3</depth>
	</size>
	<segmented>0</segmented>
	<object>
		<name>0</name>
		<pose>Unspecified</pose>
		<truncated>0</truncated>
		<difficult>0</difficult>
		<occluded>0</occluded>
		<bndbox>
			<xmin>147</xmin>
			<xmax>291</xmax>
			<ymin>256</ymin>
			<ymax>356</ymax>
		</bndbox>
	</object>
</annotation>
