<annotation>
	<folder></folder>
	<filename>498_jpg.rf.db26bad6100d911cb5e4935bf7afb4cc.jpg</filename>
	<path>498_jpg.rf.db26bad6100d911cb5e4935bf7afb4cc.jpg</path>
	<source>
		<database>roboflow.ai</database>
	</source>
	<size>
		<width>416</width>
		<height>416</height>
		<depth>3</depth>
	</size>
	<segmented>0</segmented>
	<object>
		<name>0</name>
		<pose>Unspecified</pose>
		<truncated>0</truncated>
		<difficult>0</difficult>
		<occluded>0</occluded>
		<bndbox>
			<xmin>137</xmin>
			<xmax>293</xmax>
			<ymin>185</ymin>
			<ymax>295</ymax>
		</bndbox>
	</object>
</annotation>
