<annotation>
	<folder></folder>
	<filename>49_jpg.rf.0028ad60e00520b2038885e453fca268.jpg</filename>
	<path>49_jpg.rf.0028ad60e00520b2038885e453fca268.jpg</path>
	<source>
		<database>roboflow.ai</database>
	</source>
	<size>
		<width>416</width>
		<height>416</height>
		<depth>3</depth>
	</size>
	<segmented>0</segmented>
	<object>
		<name>0</name>
		<pose>Unspecified</pose>
		<truncated>0</truncated>
		<difficult>0</difficult>
		<occluded>0</occluded>
		<bndbox>
			<xmin>194</xmin>
			<xmax>233</xmax>
			<ymin>35</ymin>
			<ymax>68</ymax>
		</bndbox>
	</object>
</annotation>
