<annotation>
	<folder></folder>
	<filename>500_jpg.rf.4b09101032031898b76029654f388c40.jpg</filename>
	<path>500_jpg.rf.4b09101032031898b76029654f388c40.jpg</path>
	<source>
		<database>roboflow.ai</database>
	</source>
	<size>
		<width>416</width>
		<height>416</height>
		<depth>3</depth>
	</size>
	<segmented>0</segmented>
	<object>
		<name>0</name>
		<pose>Unspecified</pose>
		<truncated>0</truncated>
		<difficult>0</difficult>
		<occluded>0</occluded>
		<bndbox>
			<xmin>140</xmin>
			<xmax>193</xmax>
			<ymin>316</ymin>
			<ymax>359</ymax>
		</bndbox>
	</object>
</annotation>
