<annotation>
	<folder></folder>
	<filename>501_jpg.rf.0101f44ae98e861dc0dca1b13938c6cb.jpg</filename>
	<path>501_jpg.rf.0101f44ae98e861dc0dca1b13938c6cb.jpg</path>
	<source>
		<database>roboflow.ai</database>
	</source>
	<size>
		<width>416</width>
		<height>416</height>
		<depth>3</depth>
	</size>
	<segmented>0</segmented>
	<object>
		<name>0</name>
		<pose>Unspecified</pose>
		<truncated>0</truncated>
		<difficult>0</difficult>
		<occluded>0</occluded>
		<bndbox>
			<xmin>141</xmin>
			<xmax>191</xmax>
			<ymin>316</ymin>
			<ymax>354</ymax>
		</bndbox>
	</object>
</annotation>
