<annotation>
	<folder></folder>
	<filename>503_jpg.rf.4ca4d9ae4c0afde3baf41c858ce625f0.jpg</filename>
	<path>503_jpg.rf.4ca4d9ae4c0afde3baf41c858ce625f0.jpg</path>
	<source>
		<database>roboflow.ai</database>
	</source>
	<size>
		<width>416</width>
		<height>416</height>
		<depth>3</depth>
	</size>
	<segmented>0</segmented>
	<object>
		<name>0</name>
		<pose>Unspecified</pose>
		<truncated>0</truncated>
		<difficult>0</difficult>
		<occluded>0</occluded>
		<bndbox>
			<xmin>141</xmin>
			<xmax>188</xmax>
			<ymin>317</ymin>
			<ymax>363</ymax>
		</bndbox>
	</object>
</annotation>
