<annotation>
	<folder></folder>
	<filename>504_jpg.rf.478b3a53ffbd8abc91f5756dd6d9fca3.jpg</filename>
	<path>504_jpg.rf.478b3a53ffbd8abc91f5756dd6d9fca3.jpg</path>
	<source>
		<database>roboflow.ai</database>
	</source>
	<size>
		<width>416</width>
		<height>416</height>
		<depth>3</depth>
	</size>
	<segmented>0</segmented>
	<object>
		<name>0</name>
		<pose>Unspecified</pose>
		<truncated>0</truncated>
		<difficult>0</difficult>
		<occluded>0</occluded>
		<bndbox>
			<xmin>137</xmin>
			<xmax>189</xmax>
			<ymin>315</ymin>
			<ymax>360</ymax>
		</bndbox>
	</object>
	<object>
		<name>0</name>
		<pose>Unspecified</pose>
		<truncated>0</truncated>
		<difficult>0</difficult>
		<occluded>0</occluded>
		<bndbox>
			<xmin>250</xmin>
			<xmax>280</xmax>
			<ymin>31</ymin>
			<ymax>62</ymax>
		</bndbox>
	</object>
</annotation>
