<annotation>
	<folder></folder>
	<filename>505_jpg.rf.a32dcaab1f5e77c29f043c2b146e2593.jpg</filename>
	<path>505_jpg.rf.a32dcaab1f5e77c29f043c2b146e2593.jpg</path>
	<source>
		<database>roboflow.ai</database>
	</source>
	<size>
		<width>416</width>
		<height>416</height>
		<depth>3</depth>
	</size>
	<segmented>0</segmented>
	<object>
		<name>0</name>
		<pose>Unspecified</pose>
		<truncated>0</truncated>
		<difficult>0</difficult>
		<occluded>0</occluded>
		<bndbox>
			<xmin>143</xmin>
			<xmax>191</xmax>
			<ymin>315</ymin>
			<ymax>362</ymax>
		</bndbox>
	</object>
	<object>
		<name>0</name>
		<pose>Unspecified</pose>
		<truncated>0</truncated>
		<difficult>0</difficult>
		<occluded>0</occluded>
		<bndbox>
			<xmin>260</xmin>
			<xmax>288</xmax>
			<ymin>28</ymin>
			<ymax>63</ymax>
		</bndbox>
	</object>
</annotation>
