<annotation>
	<folder></folder>
	<filename>506_jpg.rf.429f25cd56825aaacc568be49d519050.jpg</filename>
	<path>506_jpg.rf.429f25cd56825aaacc568be49d519050.jpg</path>
	<source>
		<database>roboflow.ai</database>
	</source>
	<size>
		<width>416</width>
		<height>416</height>
		<depth>3</depth>
	</size>
	<segmented>0</segmented>
	<object>
		<name>0</name>
		<pose>Unspecified</pose>
		<truncated>0</truncated>
		<difficult>0</difficult>
		<occluded>0</occluded>
		<bndbox>
			<xmin>261</xmin>
			<xmax>290</xmax>
			<ymin>25</ymin>
			<ymax>57</ymax>
		</bndbox>
	</object>
	<object>
		<name>0</name>
		<pose>Unspecified</pose>
		<truncated>0</truncated>
		<difficult>0</difficult>
		<occluded>0</occluded>
		<bndbox>
			<xmin>141</xmin>
			<xmax>187</xmax>
			<ymin>318</ymin>
			<ymax>364</ymax>
		</bndbox>
	</object>
</annotation>
