<annotation>
	<folder></folder>
	<filename>509_jpg.rf.3aaf7d85113c8b2348ec14ed3d9f81ec.jpg</filename>
	<path>509_jpg.rf.3aaf7d85113c8b2348ec14ed3d9f81ec.jpg</path>
	<source>
		<database>roboflow.ai</database>
	</source>
	<size>
		<width>416</width>
		<height>416</height>
		<depth>3</depth>
	</size>
	<segmented>0</segmented>
	<object>
		<name>0</name>
		<pose>Unspecified</pose>
		<truncated>0</truncated>
		<difficult>0</difficult>
		<occluded>0</occluded>
		<bndbox>
			<xmin>162</xmin>
			<xmax>191</xmax>
			<ymin>296</ymin>
			<ymax>327</ymax>
		</bndbox>
	</object>
	<object>
		<name>0</name>
		<pose>Unspecified</pose>
		<truncated>0</truncated>
		<difficult>0</difficult>
		<occluded>0</occluded>
		<bndbox>
			<xmin>275</xmin>
			<xmax>305</xmax>
			<ymin>5</ymin>
			<ymax>39</ymax>
		</bndbox>
	</object>
</annotation>
