<annotation>
	<folder></folder>
	<filename>510_jpg.rf.00a6e90871f5998d6fb852b2c4e6c3e1.jpg</filename>
	<path>510_jpg.rf.00a6e90871f5998d6fb852b2c4e6c3e1.jpg</path>
	<source>
		<database>roboflow.ai</database>
	</source>
	<size>
		<width>416</width>
		<height>416</height>
		<depth>3</depth>
	</size>
	<segmented>0</segmented>
	<object>
		<name>0</name>
		<pose>Unspecified</pose>
		<truncated>0</truncated>
		<difficult>0</difficult>
		<occluded>0</occluded>
		<bndbox>
			<xmin>268</xmin>
			<xmax>303</xmax>
			<ymin>2</ymin>
			<ymax>38</ymax>
		</bndbox>
	</object>
	<object>
		<name>0</name>
		<pose>Unspecified</pose>
		<truncated>0</truncated>
		<difficult>0</difficult>
		<occluded>0</occluded>
		<bndbox>
			<xmin>187</xmin>
			<xmax>208</xmax>
			<ymin>272</ymin>
			<ymax>293</ymax>
		</bndbox>
	</object>
</annotation>
