<annotation>
	<folder></folder>
	<filename>515_jpg.rf.faaba38069eaf982637db15315aea449.jpg</filename>
	<path>515_jpg.rf.faaba38069eaf982637db15315aea449.jpg</path>
	<source>
		<database>roboflow.ai</database>
	</source>
	<size>
		<width>416</width>
		<height>416</height>
		<depth>3</depth>
	</size>
	<segmented>0</segmented>
	<object>
		<name>0</name>
		<pose>Unspecified</pose>
		<truncated>0</truncated>
		<difficult>0</difficult>
		<occluded>0</occluded>
		<bndbox>
			<xmin>264</xmin>
			<xmax>295</xmax>
			<ymin>30</ymin>
			<ymax>68</ymax>
		</bndbox>
	</object>
	<object>
		<name>0</name>
		<pose>Unspecified</pose>
		<truncated>0</truncated>
		<difficult>0</difficult>
		<occluded>0</occluded>
		<bndbox>
			<xmin>205</xmin>
			<xmax>215</xmax>
			<ymin>295</ymin>
			<ymax>312</ymax>
		</bndbox>
	</object>
</annotation>
