<annotation>
	<folder></folder>
	<filename>516_jpg.rf.f28d7fa5ab08bdde01e9ab60a9d133bd.jpg</filename>
	<path>516_jpg.rf.f28d7fa5ab08bdde01e9ab60a9d133bd.jpg</path>
	<source>
		<database>roboflow.ai</database>
	</source>
	<size>
		<width>416</width>
		<height>416</height>
		<depth>3</depth>
	</size>
	<segmented>0</segmented>
	<object>
		<name>0</name>
		<pose>Unspecified</pose>
		<truncated>0</truncated>
		<difficult>0</difficult>
		<occluded>0</occluded>
		<bndbox>
			<xmin>270</xmin>
			<xmax>295</xmax>
			<ymin>34</ymin>
			<ymax>67</ymax>
		</bndbox>
	</object>
</annotation>
