<annotation>
	<folder></folder>
	<filename>517_jpg.rf.ffb88becd7396fc856383bd421187c31.jpg</filename>
	<path>517_jpg.rf.ffb88becd7396fc856383bd421187c31.jpg</path>
	<source>
		<database>roboflow.ai</database>
	</source>
	<size>
		<width>416</width>
		<height>416</height>
		<depth>3</depth>
	</size>
	<segmented>0</segmented>
	<object>
		<name>0</name>
		<pose>Unspecified</pose>
		<truncated>0</truncated>
		<difficult>0</difficult>
		<occluded>0</occluded>
		<bndbox>
			<xmin>205</xmin>
			<xmax>216</xmax>
			<ymin>289</ymin>
			<ymax>310</ymax>
		</bndbox>
	</object>
</annotation>
