<annotation>
	<folder></folder>
	<filename>518_jpg.rf.f1ce808c23c919341c0134baf1cfd048.jpg</filename>
	<path>518_jpg.rf.f1ce808c23c919341c0134baf1cfd048.jpg</path>
	<source>
		<database>roboflow.ai</database>
	</source>
	<size>
		<width>416</width>
		<height>416</height>
		<depth>3</depth>
	</size>
	<segmented>0</segmented>
	<object>
		<name>0</name>
		<pose>Unspecified</pose>
		<truncated>0</truncated>
		<difficult>0</difficult>
		<occluded>0</occluded>
		<bndbox>
			<xmin>202</xmin>
			<xmax>214</xmax>
			<ymin>238</ymin>
			<ymax>252</ymax>
		</bndbox>
	</object>
</annotation>
