<annotation>
	<folder></folder>
	<filename>520_jpg.rf.f1497a5dc5d91b04dca7168189b13069.jpg</filename>
	<path>520_jpg.rf.f1497a5dc5d91b04dca7168189b13069.jpg</path>
	<source>
		<database>roboflow.ai</database>
	</source>
	<size>
		<width>416</width>
		<height>416</height>
		<depth>3</depth>
	</size>
	<segmented>0</segmented>
	<object>
		<name>0</name>
		<pose>Unspecified</pose>
		<truncated>0</truncated>
		<difficult>0</difficult>
		<occluded>0</occluded>
		<bndbox>
			<xmin>270</xmin>
			<xmax>297</xmax>
			<ymin>61</ymin>
			<ymax>85</ymax>
		</bndbox>
	</object>
</annotation>
