<annotation>
	<folder></folder>
	<filename>522_jpg.rf.2a7655b94a260f53f63c17321a7020d5.jpg</filename>
	<path>522_jpg.rf.2a7655b94a260f53f63c17321a7020d5.jpg</path>
	<source>
		<database>roboflow.ai</database>
	</source>
	<size>
		<width>416</width>
		<height>416</height>
		<depth>3</depth>
	</size>
	<segmented>0</segmented>
	<object>
		<name>0</name>
		<pose>Unspecified</pose>
		<truncated>0</truncated>
		<difficult>0</difficult>
		<occluded>0</occluded>
		<bndbox>
			<xmin>199</xmin>
			<xmax>210</xmax>
			<ymin>286</ymin>
			<ymax>310</ymax>
		</bndbox>
	</object>
	<object>
		<name>0</name>
		<pose>Unspecified</pose>
		<truncated>0</truncated>
		<difficult>0</difficult>
		<occluded>0</occluded>
		<bndbox>
			<xmin>293</xmin>
			<xmax>320</xmax>
			<ymin>21</ymin>
			<ymax>50</ymax>
		</bndbox>
	</object>
</annotation>
