<annotation>
	<folder></folder>
	<filename>523_jpg.rf.2cf97e0a61abad320920c25f734b9e6e.jpg</filename>
	<path>523_jpg.rf.2cf97e0a61abad320920c25f734b9e6e.jpg</path>
	<source>
		<database>roboflow.ai</database>
	</source>
	<size>
		<width>416</width>
		<height>416</height>
		<depth>3</depth>
	</size>
	<segmented>0</segmented>
	<object>
		<name>0</name>
		<pose>Unspecified</pose>
		<truncated>0</truncated>
		<difficult>0</difficult>
		<occluded>0</occluded>
		<bndbox>
			<xmin>325</xmin>
			<xmax>352</xmax>
			<ymin>29</ymin>
			<ymax>60</ymax>
		</bndbox>
	</object>
	<object>
		<name>0</name>
		<pose>Unspecified</pose>
		<truncated>0</truncated>
		<difficult>0</difficult>
		<occluded>0</occluded>
		<bndbox>
			<xmin>185</xmin>
			<xmax>213</xmax>
			<ymin>289</ymin>
			<ymax>308</ymax>
		</bndbox>
	</object>
</annotation>
