<annotation>
	<folder></folder>
	<filename>524_jpg.rf.10918c5f438d1f425182a9719d686a93.jpg</filename>
	<path>524_jpg.rf.10918c5f438d1f425182a9719d686a93.jpg</path>
	<source>
		<database>roboflow.ai</database>
	</source>
	<size>
		<width>416</width>
		<height>416</height>
		<depth>3</depth>
	</size>
	<segmented>0</segmented>
	<object>
		<name>0</name>
		<pose>Unspecified</pose>
		<truncated>0</truncated>
		<difficult>0</difficult>
		<occluded>0</occluded>
		<bndbox>
			<xmin>361</xmin>
			<xmax>371</xmax>
			<ymin>36</ymin>
			<ymax>64</ymax>
		</bndbox>
	</object>
	<object>
		<name>0</name>
		<pose>Unspecified</pose>
		<truncated>0</truncated>
		<difficult>0</difficult>
		<occluded>0</occluded>
		<bndbox>
			<xmin>182</xmin>
			<xmax>215</xmax>
			<ymin>288</ymin>
			<ymax>309</ymax>
		</bndbox>
	</object>
</annotation>
