<annotation>
	<folder></folder>
	<filename>525_jpg.rf.3e960d5ac783f0f1862580ce6ea935f1.jpg</filename>
	<path>525_jpg.rf.3e960d5ac783f0f1862580ce6ea935f1.jpg</path>
	<source>
		<database>roboflow.ai</database>
	</source>
	<size>
		<width>416</width>
		<height>416</height>
		<depth>3</depth>
	</size>
	<segmented>0</segmented>
	<object>
		<name>0</name>
		<pose>Unspecified</pose>
		<truncated>0</truncated>
		<difficult>0</difficult>
		<occluded>0</occluded>
		<bndbox>
			<xmin>185</xmin>
			<xmax>216</xmax>
			<ymin>288</ymin>
			<ymax>309</ymax>
		</bndbox>
	</object>
	<object>
		<name>0</name>
		<pose>Unspecified</pose>
		<truncated>0</truncated>
		<difficult>0</difficult>
		<occluded>0</occluded>
		<bndbox>
			<xmin>326</xmin>
			<xmax>351</xmax>
			<ymin>19</ymin>
			<ymax>53</ymax>
		</bndbox>
	</object>
</annotation>
