<annotation>
	<folder></folder>
	<filename>526_jpg.rf.1e2df6782967b07e6ee134a0287e9981.jpg</filename>
	<path>526_jpg.rf.1e2df6782967b07e6ee134a0287e9981.jpg</path>
	<source>
		<database>roboflow.ai</database>
	</source>
	<size>
		<width>416</width>
		<height>416</height>
		<depth>3</depth>
	</size>
	<segmented>0</segmented>
	<object>
		<name>0</name>
		<pose>Unspecified</pose>
		<truncated>0</truncated>
		<difficult>0</difficult>
		<occluded>0</occluded>
		<bndbox>
			<xmin>282</xmin>
			<xmax>301</xmax>
			<ymin>57</ymin>
			<ymax>78</ymax>
		</bndbox>
	</object>
	<object>
		<name>0</name>
		<pose>Unspecified</pose>
		<truncated>0</truncated>
		<difficult>0</difficult>
		<occluded>0</occluded>
		<bndbox>
			<xmin>184</xmin>
			<xmax>211</xmax>
			<ymin>287</ymin>
			<ymax>306</ymax>
		</bndbox>
	</object>
</annotation>
