<annotation>
	<folder></folder>
	<filename>527_jpg.rf.34116f2e54bb75e127706b9e0bdadf7f.jpg</filename>
	<path>527_jpg.rf.34116f2e54bb75e127706b9e0bdadf7f.jpg</path>
	<source>
		<database>roboflow.ai</database>
	</source>
	<size>
		<width>416</width>
		<height>416</height>
		<depth>3</depth>
	</size>
	<segmented>0</segmented>
	<object>
		<name>0</name>
		<pose>Unspecified</pose>
		<truncated>0</truncated>
		<difficult>0</difficult>
		<occluded>0</occluded>
		<bndbox>
			<xmin>262</xmin>
			<xmax>277</xmax>
			<ymin>68</ymin>
			<ymax>84</ymax>
		</bndbox>
	</object>
	<object>
		<name>0</name>
		<pose>Unspecified</pose>
		<truncated>0</truncated>
		<difficult>0</difficult>
		<occluded>0</occluded>
		<bndbox>
			<xmin>185</xmin>
			<xmax>214</xmax>
			<ymin>285</ymin>
			<ymax>307</ymax>
		</bndbox>
	</object>
</annotation>
