<annotation>
	<folder></folder>
	<filename>531_jpg.rf.8d212df93520ea483e6ace99d9fb9690.jpg</filename>
	<path>531_jpg.rf.8d212df93520ea483e6ace99d9fb9690.jpg</path>
	<source>
		<database>roboflow.ai</database>
	</source>
	<size>
		<width>416</width>
		<height>416</height>
		<depth>3</depth>
	</size>
	<segmented>0</segmented>
	<object>
		<name>0</name>
		<pose>Unspecified</pose>
		<truncated>0</truncated>
		<difficult>0</difficult>
		<occluded>0</occluded>
		<bndbox>
			<xmin>185</xmin>
			<xmax>215</xmax>
			<ymin>289</ymin>
			<ymax>316</ymax>
		</bndbox>
	</object>
	<object>
		<name>0</name>
		<pose>Unspecified</pose>
		<truncated>0</truncated>
		<difficult>0</difficult>
		<occluded>0</occluded>
		<bndbox>
			<xmin>245</xmin>
			<xmax>257</xmax>
			<ymin>96</ymin>
			<ymax>119</ymax>
		</bndbox>
	</object>
</annotation>
