<annotation>
	<folder></folder>
	<filename>532_jpg.rf.80df034a7acbed55c61d34203db2fb19.jpg</filename>
	<path>532_jpg.rf.80df034a7acbed55c61d34203db2fb19.jpg</path>
	<source>
		<database>roboflow.ai</database>
	</source>
	<size>
		<width>416</width>
		<height>416</height>
		<depth>3</depth>
	</size>
	<segmented>0</segmented>
	<object>
		<name>0</name>
		<pose>Unspecified</pose>
		<truncated>0</truncated>
		<difficult>0</difficult>
		<occluded>0</occluded>
		<bndbox>
			<xmin>242</xmin>
			<xmax>261</xmax>
			<ymin>96</ymin>
			<ymax>112</ymax>
		</bndbox>
	</object>
	<object>
		<name>0</name>
		<pose>Unspecified</pose>
		<truncated>0</truncated>
		<difficult>0</difficult>
		<occluded>0</occluded>
		<bndbox>
			<xmin>180</xmin>
			<xmax>216</xmax>
			<ymin>286</ymin>
			<ymax>314</ymax>
		</bndbox>
	</object>
</annotation>
