<annotation>
	<folder></folder>
	<filename>537_jpg.rf.ad1789568340571683f926224ef8a6f7.jpg</filename>
	<path>537_jpg.rf.ad1789568340571683f926224ef8a6f7.jpg</path>
	<source>
		<database>roboflow.ai</database>
	</source>
	<size>
		<width>416</width>
		<height>416</height>
		<depth>3</depth>
	</size>
	<segmented>0</segmented>
	<object>
		<name>0</name>
		<pose>Unspecified</pose>
		<truncated>0</truncated>
		<difficult>0</difficult>
		<occluded>0</occluded>
		<bndbox>
			<xmin>242</xmin>
			<xmax>256</xmax>
			<ymin>97</ymin>
			<ymax>108</ymax>
		</bndbox>
	</object>
	<object>
		<name>0</name>
		<pose>Unspecified</pose>
		<truncated>0</truncated>
		<difficult>0</difficult>
		<occluded>0</occluded>
		<bndbox>
			<xmin>185</xmin>
			<xmax>215</xmax>
			<ymin>286</ymin>
			<ymax>314</ymax>
		</bndbox>
	</object>
</annotation>
