<annotation>
	<folder></folder>
	<filename>538_jpg.rf.a57f09c189e6ee1d5847aa73015433c7.jpg</filename>
	<path>538_jpg.rf.a57f09c189e6ee1d5847aa73015433c7.jpg</path>
	<source>
		<database>roboflow.ai</database>
	</source>
	<size>
		<width>416</width>
		<height>416</height>
		<depth>3</depth>
	</size>
	<segmented>0</segmented>
	<object>
		<name>0</name>
		<pose>Unspecified</pose>
		<truncated>0</truncated>
		<difficult>0</difficult>
		<occluded>0</occluded>
		<bndbox>
			<xmin>184</xmin>
			<xmax>215</xmax>
			<ymin>285</ymin>
			<ymax>312</ymax>
		</bndbox>
	</object>
	<object>
		<name>0</name>
		<pose>Unspecified</pose>
		<truncated>0</truncated>
		<difficult>0</difficult>
		<occluded>0</occluded>
		<bndbox>
			<xmin>241</xmin>
			<xmax>257</xmax>
			<ymin>93</ymin>
			<ymax>112</ymax>
		</bndbox>
	</object>
</annotation>
