<annotation>
	<folder></folder>
	<filename>539_jpg.rf.b556f2eb377706fec3cce0d8a81989ce.jpg</filename>
	<path>539_jpg.rf.b556f2eb377706fec3cce0d8a81989ce.jpg</path>
	<source>
		<database>roboflow.ai</database>
	</source>
	<size>
		<width>416</width>
		<height>416</height>
		<depth>3</depth>
	</size>
	<segmented>0</segmented>
	<object>
		<name>0</name>
		<pose>Unspecified</pose>
		<truncated>0</truncated>
		<difficult>0</difficult>
		<occluded>0</occluded>
		<bndbox>
			<xmin>243</xmin>
			<xmax>255</xmax>
			<ymin>98</ymin>
			<ymax>112</ymax>
		</bndbox>
	</object>
	<object>
		<name>0</name>
		<pose>Unspecified</pose>
		<truncated>0</truncated>
		<difficult>0</difficult>
		<occluded>0</occluded>
		<bndbox>
			<xmin>186</xmin>
			<xmax>214</xmax>
			<ymin>285</ymin>
			<ymax>314</ymax>
		</bndbox>
	</object>
</annotation>
