<annotation>
	<folder></folder>
	<filename>53_jpg.rf.726786961c5d54313adec332e6f50ec4.jpg</filename>
	<path>53_jpg.rf.726786961c5d54313adec332e6f50ec4.jpg</path>
	<source>
		<database>roboflow.ai</database>
	</source>
	<size>
		<width>416</width>
		<height>416</height>
		<depth>3</depth>
	</size>
	<segmented>0</segmented>
	<object>
		<name>0</name>
		<pose>Unspecified</pose>
		<truncated>0</truncated>
		<difficult>0</difficult>
		<occluded>0</occluded>
		<bndbox>
			<xmin>189</xmin>
			<xmax>245</xmax>
			<ymin>137</ymin>
			<ymax>191</ymax>
		</bndbox>
	</object>
</annotation>
