<annotation>
	<folder></folder>
	<filename>540_jpg.rf.7889060c9cf86d70a7d910a50b364b87.jpg</filename>
	<path>540_jpg.rf.7889060c9cf86d70a7d910a50b364b87.jpg</path>
	<source>
		<database>roboflow.ai</database>
	</source>
	<size>
		<width>416</width>
		<height>416</height>
		<depth>3</depth>
	</size>
	<segmented>0</segmented>
	<object>
		<name>0</name>
		<pose>Unspecified</pose>
		<truncated>0</truncated>
		<difficult>0</difficult>
		<occluded>0</occluded>
		<bndbox>
			<xmin>242</xmin>
			<xmax>258</xmax>
			<ymin>97</ymin>
			<ymax>112</ymax>
		</bndbox>
	</object>
	<object>
		<name>0</name>
		<pose>Unspecified</pose>
		<truncated>0</truncated>
		<difficult>0</difficult>
		<occluded>0</occluded>
		<bndbox>
			<xmin>185</xmin>
			<xmax>213</xmax>
			<ymin>284</ymin>
			<ymax>313</ymax>
		</bndbox>
	</object>
</annotation>
