<annotation>
	<folder></folder>
	<filename>541_jpg.rf.b023f7ef01df85c136bc30dcad126946.jpg</filename>
	<path>541_jpg.rf.b023f7ef01df85c136bc30dcad126946.jpg</path>
	<source>
		<database>roboflow.ai</database>
	</source>
	<size>
		<width>416</width>
		<height>416</height>
		<depth>3</depth>
	</size>
	<segmented>0</segmented>
	<object>
		<name>0</name>
		<pose>Unspecified</pose>
		<truncated>0</truncated>
		<difficult>0</difficult>
		<occluded>0</occluded>
		<bndbox>
			<xmin>243</xmin>
			<xmax>258</xmax>
			<ymin>96</ymin>
			<ymax>114</ymax>
		</bndbox>
	</object>
	<object>
		<name>0</name>
		<pose>Unspecified</pose>
		<truncated>0</truncated>
		<difficult>0</difficult>
		<occluded>0</occluded>
		<bndbox>
			<xmin>184</xmin>
			<xmax>215</xmax>
			<ymin>287</ymin>
			<ymax>316</ymax>
		</bndbox>
	</object>
</annotation>
