<annotation>
	<folder></folder>
	<filename>543_jpg.rf.be625c7fffe0c91aa7327c2d23d38cb6.jpg</filename>
	<path>543_jpg.rf.be625c7fffe0c91aa7327c2d23d38cb6.jpg</path>
	<source>
		<database>roboflow.ai</database>
	</source>
	<size>
		<width>416</width>
		<height>416</height>
		<depth>3</depth>
	</size>
	<segmented>0</segmented>
	<object>
		<name>0</name>
		<pose>Unspecified</pose>
		<truncated>0</truncated>
		<difficult>0</difficult>
		<occluded>0</occluded>
		<bndbox>
			<xmin>244</xmin>
			<xmax>259</xmax>
			<ymin>96</ymin>
			<ymax>111</ymax>
		</bndbox>
	</object>
	<object>
		<name>0</name>
		<pose>Unspecified</pose>
		<truncated>0</truncated>
		<difficult>0</difficult>
		<occluded>0</occluded>
		<bndbox>
			<xmin>184</xmin>
			<xmax>213</xmax>
			<ymin>286</ymin>
			<ymax>314</ymax>
		</bndbox>
	</object>
</annotation>
