<annotation>
	<folder></folder>
	<filename>544_jpg.rf.02e8d6b4c0c144c23dd0a6e5e17f0522.jpg</filename>
	<path>544_jpg.rf.02e8d6b4c0c144c23dd0a6e5e17f0522.jpg</path>
	<source>
		<database>roboflow.ai</database>
	</source>
	<size>
		<width>416</width>
		<height>416</height>
		<depth>3</depth>
	</size>
	<segmented>0</segmented>
	<object>
		<name>0</name>
		<pose>Unspecified</pose>
		<truncated>0</truncated>
		<difficult>0</difficult>
		<occluded>0</occluded>
		<bndbox>
			<xmin>246</xmin>
			<xmax>257</xmax>
			<ymin>95</ymin>
			<ymax>109</ymax>
		</bndbox>
	</object>
	<object>
		<name>0</name>
		<pose>Unspecified</pose>
		<truncated>0</truncated>
		<difficult>0</difficult>
		<occluded>0</occluded>
		<bndbox>
			<xmin>189</xmin>
			<xmax>211</xmax>
			<ymin>291</ymin>
			<ymax>315</ymax>
		</bndbox>
	</object>
</annotation>
