<annotation>
	<folder></folder>
	<filename>548_jpg.rf.327f44090cd54bfcd5dde9eafe846d46.jpg</filename>
	<path>548_jpg.rf.327f44090cd54bfcd5dde9eafe846d46.jpg</path>
	<source>
		<database>roboflow.ai</database>
	</source>
	<size>
		<width>416</width>
		<height>416</height>
		<depth>3</depth>
	</size>
	<segmented>0</segmented>
	<object>
		<name>0</name>
		<pose>Unspecified</pose>
		<truncated>0</truncated>
		<difficult>0</difficult>
		<occluded>0</occluded>
		<bndbox>
			<xmin>245</xmin>
			<xmax>260</xmax>
			<ymin>92</ymin>
			<ymax>111</ymax>
		</bndbox>
	</object>
	<object>
		<name>0</name>
		<pose>Unspecified</pose>
		<truncated>0</truncated>
		<difficult>0</difficult>
		<occluded>0</occluded>
		<bndbox>
			<xmin>177</xmin>
			<xmax>208</xmax>
			<ymin>281</ymin>
			<ymax>311</ymax>
		</bndbox>
	</object>
</annotation>
