<annotation>
	<folder></folder>
	<filename>552_jpg.rf.865536e9094330dc8ec3610ff3d643af.jpg</filename>
	<path>552_jpg.rf.865536e9094330dc8ec3610ff3d643af.jpg</path>
	<source>
		<database>roboflow.ai</database>
	</source>
	<size>
		<width>416</width>
		<height>416</height>
		<depth>3</depth>
	</size>
	<segmented>0</segmented>
	<object>
		<name>0</name>
		<pose>Unspecified</pose>
		<truncated>0</truncated>
		<difficult>0</difficult>
		<occluded>0</occluded>
		<bndbox>
			<xmin>244</xmin>
			<xmax>260</xmax>
			<ymin>96</ymin>
			<ymax>110</ymax>
		</bndbox>
	</object>
	<object>
		<name>0</name>
		<pose>Unspecified</pose>
		<truncated>0</truncated>
		<difficult>0</difficult>
		<occluded>0</occluded>
		<bndbox>
			<xmin>143</xmin>
			<xmax>179</xmax>
			<ymin>210</ymin>
			<ymax>237</ymax>
		</bndbox>
	</object>
</annotation>
