<annotation>
	<folder></folder>
	<filename>555_jpg.rf.9f887bdeb753276f327d239138b88419.jpg</filename>
	<path>555_jpg.rf.9f887bdeb753276f327d239138b88419.jpg</path>
	<source>
		<database>roboflow.ai</database>
	</source>
	<size>
		<width>416</width>
		<height>416</height>
		<depth>3</depth>
	</size>
	<segmented>0</segmented>
	<object>
		<name>0</name>
		<pose>Unspecified</pose>
		<truncated>0</truncated>
		<difficult>0</difficult>
		<occluded>0</occluded>
		<bndbox>
			<xmin>102</xmin>
			<xmax>143</xmax>
			<ymin>118</ymin>
			<ymax>148</ymax>
		</bndbox>
	</object>
	<object>
		<name>0</name>
		<pose>Unspecified</pose>
		<truncated>0</truncated>
		<difficult>0</difficult>
		<occluded>0</occluded>
		<bndbox>
			<xmin>241</xmin>
			<xmax>260</xmax>
			<ymin>90</ymin>
			<ymax>102</ymax>
		</bndbox>
	</object>
</annotation>
