<annotation>
	<folder></folder>
	<filename>557_jpg.rf.3b0ec824217d92d4f553c668e961ed28.jpg</filename>
	<path>557_jpg.rf.3b0ec824217d92d4f553c668e961ed28.jpg</path>
	<source>
		<database>roboflow.ai</database>
	</source>
	<size>
		<width>416</width>
		<height>416</height>
		<depth>3</depth>
	</size>
	<segmented>0</segmented>
	<object>
		<name>0</name>
		<pose>Unspecified</pose>
		<truncated>0</truncated>
		<difficult>0</difficult>
		<occluded>0</occluded>
		<bndbox>
			<xmin>108</xmin>
			<xmax>181</xmax>
			<ymin>95</ymin>
			<ymax>151</ymax>
		</bndbox>
	</object>
</annotation>
