<annotation>
	<folder></folder>
	<filename>558_jpg.rf.95b69dc08b9a6eceea9892f2689ae02e.jpg</filename>
	<path>558_jpg.rf.95b69dc08b9a6eceea9892f2689ae02e.jpg</path>
	<source>
		<database>roboflow.ai</database>
	</source>
	<size>
		<width>416</width>
		<height>416</height>
		<depth>3</depth>
	</size>
	<segmented>0</segmented>
	<object>
		<name>0</name>
		<pose>Unspecified</pose>
		<truncated>0</truncated>
		<difficult>0</difficult>
		<occluded>0</occluded>
		<bndbox>
			<xmin>104</xmin>
			<xmax>181</xmax>
			<ymin>94</ymin>
			<ymax>154</ymax>
		</bndbox>
	</object>
</annotation>
