<annotation>
	<folder></folder>
	<filename>55_jpg.rf.7c0cfe1ba1632a947d4d1306c6b0442e.jpg</filename>
	<path>55_jpg.rf.7c0cfe1ba1632a947d4d1306c6b0442e.jpg</path>
	<source>
		<database>roboflow.ai</database>
	</source>
	<size>
		<width>416</width>
		<height>416</height>
		<depth>3</depth>
	</size>
	<segmented>0</segmented>
	<object>
		<name>0</name>
		<pose>Unspecified</pose>
		<truncated>0</truncated>
		<difficult>0</difficult>
		<occluded>0</occluded>
		<bndbox>
			<xmin>229</xmin>
			<xmax>237</xmax>
			<ymin>62</ymin>
			<ymax>71</ymax>
		</bndbox>
	</object>
</annotation>
