<annotation>
	<folder></folder>
	<filename>560_jpg.rf.4ba0f36e9656fa5e5ca6c1b850411638.jpg</filename>
	<path>560_jpg.rf.4ba0f36e9656fa5e5ca6c1b850411638.jpg</path>
	<source>
		<database>roboflow.ai</database>
	</source>
	<size>
		<width>416</width>
		<height>416</height>
		<depth>3</depth>
	</size>
	<segmented>0</segmented>
	<object>
		<name>0</name>
		<pose>Unspecified</pose>
		<truncated>0</truncated>
		<difficult>0</difficult>
		<occluded>0</occluded>
		<bndbox>
			<xmin>92</xmin>
			<xmax>161</xmax>
			<ymin>111</ymin>
			<ymax>174</ymax>
		</bndbox>
	</object>
</annotation>
