<annotation>
	<folder></folder>
	<filename>561_jpg.rf.5a028dfa6ff464ce7edcbf1650ac0cb9.jpg</filename>
	<path>561_jpg.rf.5a028dfa6ff464ce7edcbf1650ac0cb9.jpg</path>
	<source>
		<database>roboflow.ai</database>
	</source>
	<size>
		<width>416</width>
		<height>416</height>
		<depth>3</depth>
	</size>
	<segmented>0</segmented>
	<object>
		<name>0</name>
		<pose>Unspecified</pose>
		<truncated>0</truncated>
		<difficult>0</difficult>
		<occluded>0</occluded>
		<bndbox>
			<xmin>93</xmin>
			<xmax>156</xmax>
			<ymin>126</ymin>
			<ymax>181</ymax>
		</bndbox>
	</object>
</annotation>
