<annotation>
	<folder></folder>
	<filename>563_jpg.rf.58f8cf407fca66dab52dca6839676d4f.jpg</filename>
	<path>563_jpg.rf.58f8cf407fca66dab52dca6839676d4f.jpg</path>
	<source>
		<database>roboflow.ai</database>
	</source>
	<size>
		<width>416</width>
		<height>416</height>
		<depth>3</depth>
	</size>
	<segmented>0</segmented>
	<object>
		<name>0</name>
		<pose>Unspecified</pose>
		<truncated>0</truncated>
		<difficult>0</difficult>
		<occluded>0</occluded>
		<bndbox>
			<xmin>95</xmin>
			<xmax>152</xmax>
			<ymin>142</ymin>
			<ymax>191</ymax>
		</bndbox>
	</object>
</annotation>
