<annotation>
	<folder></folder>
	<filename>564_jpg.rf.1750789138cd521adab6df39adb22383.jpg</filename>
	<path>564_jpg.rf.1750789138cd521adab6df39adb22383.jpg</path>
	<source>
		<database>roboflow.ai</database>
	</source>
	<size>
		<width>416</width>
		<height>416</height>
		<depth>3</depth>
	</size>
	<segmented>0</segmented>
	<object>
		<name>0</name>
		<pose>Unspecified</pose>
		<truncated>0</truncated>
		<difficult>0</difficult>
		<occluded>0</occluded>
		<bndbox>
			<xmin>95</xmin>
			<xmax>146</xmax>
			<ymin>137</ymin>
			<ymax>175</ymax>
		</bndbox>
	</object>
</annotation>
