<annotation>
	<folder></folder>
	<filename>565_jpg.rf.e98bc2086fa2cca03f7cab8292eaeb47.jpg</filename>
	<path>565_jpg.rf.e98bc2086fa2cca03f7cab8292eaeb47.jpg</path>
	<source>
		<database>roboflow.ai</database>
	</source>
	<size>
		<width>416</width>
		<height>416</height>
		<depth>3</depth>
	</size>
	<segmented>0</segmented>
	<object>
		<name>0</name>
		<pose>Unspecified</pose>
		<truncated>0</truncated>
		<difficult>0</difficult>
		<occluded>0</occluded>
		<bndbox>
			<xmin>88</xmin>
			<xmax>143</xmax>
			<ymin>116</ymin>
			<ymax>169</ymax>
		</bndbox>
	</object>
</annotation>
