<annotation>
	<folder></folder>
	<filename>566_jpg.rf.b2ac93921f2c9e91ae66bd9b48e7aea2.jpg</filename>
	<path>566_jpg.rf.b2ac93921f2c9e91ae66bd9b48e7aea2.jpg</path>
	<source>
		<database>roboflow.ai</database>
	</source>
	<size>
		<width>416</width>
		<height>416</height>
		<depth>3</depth>
	</size>
	<segmented>0</segmented>
	<object>
		<name>0</name>
		<pose>Unspecified</pose>
		<truncated>0</truncated>
		<difficult>0</difficult>
		<occluded>0</occluded>
		<bndbox>
			<xmin>73</xmin>
			<xmax>129</xmax>
			<ymin>107</ymin>
			<ymax>152</ymax>
		</bndbox>
	</object>
</annotation>
