<annotation>
	<folder></folder>
	<filename>568_jpg.rf.6458721b273ece10f09d221522e0bcf6.jpg</filename>
	<path>568_jpg.rf.6458721b273ece10f09d221522e0bcf6.jpg</path>
	<source>
		<database>roboflow.ai</database>
	</source>
	<size>
		<width>416</width>
		<height>416</height>
		<depth>3</depth>
	</size>
	<segmented>0</segmented>
	<object>
		<name>0</name>
		<pose>Unspecified</pose>
		<truncated>0</truncated>
		<difficult>0</difficult>
		<occluded>0</occluded>
		<bndbox>
			<xmin>78</xmin>
			<xmax>123</xmax>
			<ymin>89</ymin>
			<ymax>127</ymax>
		</bndbox>
	</object>
</annotation>
