<annotation>
	<folder></folder>
	<filename>571_jpg.rf.9db03c87655abd55971cbd6c9deca991.jpg</filename>
	<path>571_jpg.rf.9db03c87655abd55971cbd6c9deca991.jpg</path>
	<source>
		<database>roboflow.ai</database>
	</source>
	<size>
		<width>416</width>
		<height>416</height>
		<depth>3</depth>
	</size>
	<segmented>0</segmented>
	<object>
		<name>0</name>
		<pose>Unspecified</pose>
		<truncated>0</truncated>
		<difficult>0</difficult>
		<occluded>0</occluded>
		<bndbox>
			<xmin>70</xmin>
			<xmax>125</xmax>
			<ymin>96</ymin>
			<ymax>153</ymax>
		</bndbox>
	</object>
</annotation>
