<annotation>
	<folder></folder>
	<filename>573_jpg.rf.c64559b11218de2c2091fa56318ca886.jpg</filename>
	<path>573_jpg.rf.c64559b11218de2c2091fa56318ca886.jpg</path>
	<source>
		<database>roboflow.ai</database>
	</source>
	<size>
		<width>416</width>
		<height>416</height>
		<depth>3</depth>
	</size>
	<segmented>0</segmented>
	<object>
		<name>0</name>
		<pose>Unspecified</pose>
		<truncated>0</truncated>
		<difficult>0</difficult>
		<occluded>0</occluded>
		<bndbox>
			<xmin>76</xmin>
			<xmax>129</xmax>
			<ymin>100</ymin>
			<ymax>161</ymax>
		</bndbox>
	</object>
</annotation>
