<annotation>
	<folder></folder>
	<filename>574_jpg.rf.d178bf35056a00eb333040cba26764b5.jpg</filename>
	<path>574_jpg.rf.d178bf35056a00eb333040cba26764b5.jpg</path>
	<source>
		<database>roboflow.ai</database>
	</source>
	<size>
		<width>416</width>
		<height>416</height>
		<depth>3</depth>
	</size>
	<segmented>0</segmented>
	<object>
		<name>0</name>
		<pose>Unspecified</pose>
		<truncated>0</truncated>
		<difficult>0</difficult>
		<occluded>0</occluded>
		<bndbox>
			<xmin>82</xmin>
			<xmax>139</xmax>
			<ymin>110</ymin>
			<ymax>169</ymax>
		</bndbox>
	</object>
</annotation>
