<annotation>
	<folder></folder>
	<filename>575_jpg.rf.b2b959998cc127789abf35e29a9db634.jpg</filename>
	<path>575_jpg.rf.b2b959998cc127789abf35e29a9db634.jpg</path>
	<source>
		<database>roboflow.ai</database>
	</source>
	<size>
		<width>416</width>
		<height>416</height>
		<depth>3</depth>
	</size>
	<segmented>0</segmented>
	<object>
		<name>0</name>
		<pose>Unspecified</pose>
		<truncated>0</truncated>
		<difficult>0</difficult>
		<occluded>0</occluded>
		<bndbox>
			<xmin>83</xmin>
			<xmax>137</xmax>
			<ymin>116</ymin>
			<ymax>175</ymax>
		</bndbox>
	</object>
</annotation>
