<annotation>
	<folder></folder>
	<filename>576_jpg.rf.81d3982b16ec8386098d65e819bd0a8a.jpg</filename>
	<path>576_jpg.rf.81d3982b16ec8386098d65e819bd0a8a.jpg</path>
	<source>
		<database>roboflow.ai</database>
	</source>
	<size>
		<width>416</width>
		<height>416</height>
		<depth>3</depth>
	</size>
	<segmented>0</segmented>
	<object>
		<name>0</name>
		<pose>Unspecified</pose>
		<truncated>0</truncated>
		<difficult>0</difficult>
		<occluded>0</occluded>
		<bndbox>
			<xmin>88</xmin>
			<xmax>133</xmax>
			<ymin>116</ymin>
			<ymax>171</ymax>
		</bndbox>
	</object>
</annotation>
