<annotation>
	<folder></folder>
	<filename>577_jpg.rf.38ad963158426596757a60b79a733bce.jpg</filename>
	<path>577_jpg.rf.38ad963158426596757a60b79a733bce.jpg</path>
	<source>
		<database>roboflow.ai</database>
	</source>
	<size>
		<width>416</width>
		<height>416</height>
		<depth>3</depth>
	</size>
	<segmented>0</segmented>
	<object>
		<name>0</name>
		<pose>Unspecified</pose>
		<truncated>0</truncated>
		<difficult>0</difficult>
		<occluded>0</occluded>
		<bndbox>
			<xmin>87</xmin>
			<xmax>137</xmax>
			<ymin>114</ymin>
			<ymax>165</ymax>
		</bndbox>
	</object>
</annotation>
