<annotation>
	<folder></folder>
	<filename>579_jpg.rf.ef17c0f495f4dc164bc1f15410a1d7f0.jpg</filename>
	<path>579_jpg.rf.ef17c0f495f4dc164bc1f15410a1d7f0.jpg</path>
	<source>
		<database>roboflow.ai</database>
	</source>
	<size>
		<width>416</width>
		<height>416</height>
		<depth>3</depth>
	</size>
	<segmented>0</segmented>
	<object>
		<name>0</name>
		<pose>Unspecified</pose>
		<truncated>0</truncated>
		<difficult>0</difficult>
		<occluded>0</occluded>
		<bndbox>
			<xmin>91</xmin>
			<xmax>130</xmax>
			<ymin>86</ymin>
			<ymax>134</ymax>
		</bndbox>
	</object>
</annotation>
