<annotation>
	<folder></folder>
	<filename>57_jpg.rf.9a929a94638b651a85cd4e0e7c341917.jpg</filename>
	<path>57_jpg.rf.9a929a94638b651a85cd4e0e7c341917.jpg</path>
	<source>
		<database>roboflow.ai</database>
	</source>
	<size>
		<width>416</width>
		<height>416</height>
		<depth>3</depth>
	</size>
	<segmented>0</segmented>
	<object>
		<name>0</name>
		<pose>Unspecified</pose>
		<truncated>0</truncated>
		<difficult>0</difficult>
		<occluded>0</occluded>
		<bndbox>
			<xmin>158</xmin>
			<xmax>188</xmax>
			<ymin>124</ymin>
			<ymax>159</ymax>
		</bndbox>
	</object>
</annotation>
