<annotation>
	<folder></folder>
	<filename>580_jpg.rf.d4a5adbebe3f6d61b550e80b9f613483.jpg</filename>
	<path>580_jpg.rf.d4a5adbebe3f6d61b550e80b9f613483.jpg</path>
	<source>
		<database>roboflow.ai</database>
	</source>
	<size>
		<width>416</width>
		<height>416</height>
		<depth>3</depth>
	</size>
	<segmented>0</segmented>
	<object>
		<name>0</name>
		<pose>Unspecified</pose>
		<truncated>0</truncated>
		<difficult>0</difficult>
		<occluded>0</occluded>
		<bndbox>
			<xmin>88</xmin>
			<xmax>131</xmax>
			<ymin>82</ymin>
			<ymax>134</ymax>
		</bndbox>
	</object>
</annotation>
