<annotation>
	<folder></folder>
	<filename>581_jpg.rf.6e836d72b0c69dc6eae21b7353ad8b88.jpg</filename>
	<path>581_jpg.rf.6e836d72b0c69dc6eae21b7353ad8b88.jpg</path>
	<source>
		<database>roboflow.ai</database>
	</source>
	<size>
		<width>416</width>
		<height>416</height>
		<depth>3</depth>
	</size>
	<segmented>0</segmented>
	<object>
		<name>0</name>
		<pose>Unspecified</pose>
		<truncated>0</truncated>
		<difficult>0</difficult>
		<occluded>0</occluded>
		<bndbox>
			<xmin>93</xmin>
			<xmax>138</xmax>
			<ymin>70</ymin>
			<ymax>124</ymax>
		</bndbox>
	</object>
</annotation>
