<annotation>
	<folder></folder>
	<filename>582_jpg.rf.9bb120202bac542b21d9d44607721d44.jpg</filename>
	<path>582_jpg.rf.9bb120202bac542b21d9d44607721d44.jpg</path>
	<source>
		<database>roboflow.ai</database>
	</source>
	<size>
		<width>416</width>
		<height>416</height>
		<depth>3</depth>
	</size>
	<segmented>0</segmented>
	<object>
		<name>0</name>
		<pose>Unspecified</pose>
		<truncated>0</truncated>
		<difficult>0</difficult>
		<occluded>0</occluded>
		<bndbox>
			<xmin>98</xmin>
			<xmax>141</xmax>
			<ymin>79</ymin>
			<ymax>126</ymax>
		</bndbox>
	</object>
</annotation>
