<annotation>
	<folder></folder>
	<filename>583_jpg.rf.5d63613f23550d7baf215d68a4d540e4.jpg</filename>
	<path>583_jpg.rf.5d63613f23550d7baf215d68a4d540e4.jpg</path>
	<source>
		<database>roboflow.ai</database>
	</source>
	<size>
		<width>416</width>
		<height>416</height>
		<depth>3</depth>
	</size>
	<segmented>0</segmented>
	<object>
		<name>0</name>
		<pose>Unspecified</pose>
		<truncated>0</truncated>
		<difficult>0</difficult>
		<occluded>0</occluded>
		<bndbox>
			<xmin>90</xmin>
			<xmax>130</xmax>
			<ymin>76</ymin>
			<ymax>128</ymax>
		</bndbox>
	</object>
</annotation>
