<annotation>
	<folder></folder>
	<filename>584_jpg.rf.6bdf060b69341b038689a97628596a8a.jpg</filename>
	<path>584_jpg.rf.6bdf060b69341b038689a97628596a8a.jpg</path>
	<source>
		<database>roboflow.ai</database>
	</source>
	<size>
		<width>416</width>
		<height>416</height>
		<depth>3</depth>
	</size>
	<segmented>0</segmented>
	<object>
		<name>0</name>
		<pose>Unspecified</pose>
		<truncated>0</truncated>
		<difficult>0</difficult>
		<occluded>0</occluded>
		<bndbox>
			<xmin>57</xmin>
			<xmax>108</xmax>
			<ymin>67</ymin>
			<ymax>125</ymax>
		</bndbox>
	</object>
</annotation>
