<annotation>
	<folder></folder>
	<filename>585_jpg.rf.9ecdc20a8745d72b729b422b6c614b98.jpg</filename>
	<path>585_jpg.rf.9ecdc20a8745d72b729b422b6c614b98.jpg</path>
	<source>
		<database>roboflow.ai</database>
	</source>
	<size>
		<width>416</width>
		<height>416</height>
		<depth>3</depth>
	</size>
	<segmented>0</segmented>
	<object>
		<name>0</name>
		<pose>Unspecified</pose>
		<truncated>0</truncated>
		<difficult>0</difficult>
		<occluded>0</occluded>
		<bndbox>
			<xmin>38</xmin>
			<xmax>92</xmax>
			<ymin>82</ymin>
			<ymax>127</ymax>
		</bndbox>
	</object>
</annotation>
