<annotation>
	<folder></folder>
	<filename>586_jpg.rf.6776c64f6e51ba4839ee33fe4d77404d.jpg</filename>
	<path>586_jpg.rf.6776c64f6e51ba4839ee33fe4d77404d.jpg</path>
	<source>
		<database>roboflow.ai</database>
	</source>
	<size>
		<width>416</width>
		<height>416</height>
		<depth>3</depth>
	</size>
	<segmented>0</segmented>
	<object>
		<name>0</name>
		<pose>Unspecified</pose>
		<truncated>0</truncated>
		<difficult>0</difficult>
		<occluded>0</occluded>
		<bndbox>
			<xmin>18</xmin>
			<xmax>63</xmax>
			<ymin>70</ymin>
			<ymax>125</ymax>
		</bndbox>
	</object>
</annotation>
