<annotation>
	<folder></folder>
	<filename>587_jpg.rf.ab15d69767d6203c508e6bf05d38e4dd.jpg</filename>
	<path>587_jpg.rf.ab15d69767d6203c508e6bf05d38e4dd.jpg</path>
	<source>
		<database>roboflow.ai</database>
	</source>
	<size>
		<width>416</width>
		<height>416</height>
		<depth>3</depth>
	</size>
	<segmented>0</segmented>
	<object>
		<name>0</name>
		<pose>Unspecified</pose>
		<truncated>0</truncated>
		<difficult>0</difficult>
		<occluded>0</occluded>
		<bndbox>
			<xmin>3</xmin>
			<xmax>53</xmax>
			<ymin>63</ymin>
			<ymax>129</ymax>
		</bndbox>
	</object>
</annotation>
