<annotation>
	<folder></folder>
	<filename>588_jpg.rf.4599b4a0fb7f2dfa22f807412cd55065.jpg</filename>
	<path>588_jpg.rf.4599b4a0fb7f2dfa22f807412cd55065.jpg</path>
	<source>
		<database>roboflow.ai</database>
	</source>
	<size>
		<width>416</width>
		<height>416</height>
		<depth>3</depth>
	</size>
	<segmented>0</segmented>
	<object>
		<name>0</name>
		<pose>Unspecified</pose>
		<truncated>0</truncated>
		<difficult>0</difficult>
		<occluded>0</occluded>
		<bndbox>
			<xmin>1</xmin>
			<xmax>32</xmax>
			<ymin>72</ymin>
			<ymax>118</ymax>
		</bndbox>
	</object>
</annotation>
