<annotation>
	<folder></folder>
	<filename>58_jpg.rf.9cb6b5d1228b66edfbfd6bfbdbb7aff5.jpg</filename>
	<path>58_jpg.rf.9cb6b5d1228b66edfbfd6bfbdbb7aff5.jpg</path>
	<source>
		<database>roboflow.ai</database>
	</source>
	<size>
		<width>416</width>
		<height>416</height>
		<depth>3</depth>
	</size>
	<segmented>0</segmented>
	<object>
		<name>0</name>
		<pose>Unspecified</pose>
		<truncated>0</truncated>
		<difficult>0</difficult>
		<occluded>0</occluded>
		<bndbox>
			<xmin>140</xmin>
			<xmax>271</xmax>
			<ymin>75</ymin>
			<ymax>171</ymax>
		</bndbox>
	</object>
</annotation>
