<annotation>
	<folder></folder>
	<filename>590_jpg.rf.224c1264294bb57773b29c96f7718855.jpg</filename>
	<path>590_jpg.rf.224c1264294bb57773b29c96f7718855.jpg</path>
	<source>
		<database>roboflow.ai</database>
	</source>
	<size>
		<width>416</width>
		<height>416</height>
		<depth>3</depth>
	</size>
	<segmented>0</segmented>
	<object>
		<name>0</name>
		<pose>Unspecified</pose>
		<truncated>0</truncated>
		<difficult>0</difficult>
		<occluded>0</occluded>
		<bndbox>
			<xmin>376</xmin>
			<xmax>407</xmax>
			<ymin>205</ymin>
			<ymax>236</ymax>
		</bndbox>
	</object>
</annotation>
