<annotation>
	<folder></folder>
	<filename>591_jpg.rf.f23c6e528db073cb5ceb41c697639332.jpg</filename>
	<path>591_jpg.rf.f23c6e528db073cb5ceb41c697639332.jpg</path>
	<source>
		<database>roboflow.ai</database>
	</source>
	<size>
		<width>416</width>
		<height>416</height>
		<depth>3</depth>
	</size>
	<segmented>0</segmented>
	<object>
		<name>0</name>
		<pose>Unspecified</pose>
		<truncated>0</truncated>
		<difficult>0</difficult>
		<occluded>0</occluded>
		<bndbox>
			<xmin>338</xmin>
			<xmax>374</xmax>
			<ymin>188</ymin>
			<ymax>219</ymax>
		</bndbox>
	</object>
</annotation>
