<annotation>
	<folder></folder>
	<filename>592_jpg.rf.2c913cb1cd0242480b9beaf0f96708d0.jpg</filename>
	<path>592_jpg.rf.2c913cb1cd0242480b9beaf0f96708d0.jpg</path>
	<source>
		<database>roboflow.ai</database>
	</source>
	<size>
		<width>416</width>
		<height>416</height>
		<depth>3</depth>
	</size>
	<segmented>0</segmented>
	<object>
		<name>0</name>
		<pose>Unspecified</pose>
		<truncated>0</truncated>
		<difficult>0</difficult>
		<occluded>0</occluded>
		<bndbox>
			<xmin>302</xmin>
			<xmax>335</xmax>
			<ymin>148</ymin>
			<ymax>177</ymax>
		</bndbox>
	</object>
</annotation>
