<annotation>
	<folder></folder>
	<filename>593_jpg.rf.2e35db25805e006c61205b19f9ca4329.jpg</filename>
	<path>593_jpg.rf.2e35db25805e006c61205b19f9ca4329.jpg</path>
	<source>
		<database>roboflow.ai</database>
	</source>
	<size>
		<width>416</width>
		<height>416</height>
		<depth>3</depth>
	</size>
	<segmented>0</segmented>
	<object>
		<name>0</name>
		<pose>Unspecified</pose>
		<truncated>0</truncated>
		<difficult>0</difficult>
		<occluded>0</occluded>
		<bndbox>
			<xmin>279</xmin>
			<xmax>313</xmax>
			<ymin>86</ymin>
			<ymax>126</ymax>
		</bndbox>
	</object>
</annotation>
