<annotation>
	<folder></folder>
	<filename>594_jpg.rf.275dcb4fe617949d45861cd5ae5e1633.jpg</filename>
	<path>594_jpg.rf.275dcb4fe617949d45861cd5ae5e1633.jpg</path>
	<source>
		<database>roboflow.ai</database>
	</source>
	<size>
		<width>416</width>
		<height>416</height>
		<depth>3</depth>
	</size>
	<segmented>0</segmented>
	<object>
		<name>0</name>
		<pose>Unspecified</pose>
		<truncated>0</truncated>
		<difficult>0</difficult>
		<occluded>0</occluded>
		<bndbox>
			<xmin>256</xmin>
			<xmax>290</xmax>
			<ymin>42</ymin>
			<ymax>79</ymax>
		</bndbox>
	</object>
</annotation>
