<annotation>
	<folder></folder>
	<filename>595_jpg.rf.d555464fba87691f74009ea7ec110871.jpg</filename>
	<path>595_jpg.rf.d555464fba87691f74009ea7ec110871.jpg</path>
	<source>
		<database>roboflow.ai</database>
	</source>
	<size>
		<width>416</width>
		<height>416</height>
		<depth>3</depth>
	</size>
	<segmented>0</segmented>
	<object>
		<name>0</name>
		<pose>Unspecified</pose>
		<truncated>0</truncated>
		<difficult>0</difficult>
		<occluded>0</occluded>
		<bndbox>
			<xmin>235</xmin>
			<xmax>269</xmax>
			<ymin>2</ymin>
			<ymax>39</ymax>
		</bndbox>
	</object>
</annotation>
