<annotation>
	<folder></folder>
	<filename>596_jpg.rf.f67c16b282051b68024badf35e9b6616.jpg</filename>
	<path>596_jpg.rf.f67c16b282051b68024badf35e9b6616.jpg</path>
	<source>
		<database>roboflow.ai</database>
	</source>
	<size>
		<width>416</width>
		<height>416</height>
		<depth>3</depth>
	</size>
	<segmented>0</segmented>
	<object>
		<name>0</name>
		<pose>Unspecified</pose>
		<truncated>0</truncated>
		<difficult>0</difficult>
		<occluded>0</occluded>
		<bndbox>
			<xmin>284</xmin>
			<xmax>417</xmax>
			<ymin>284</ymin>
			<ymax>322</ymax>
		</bndbox>
	</object>
</annotation>
