<annotation>
	<folder></folder>
	<filename>597_jpg.rf.76e8ebc7960b9539151b952d709d3bd7.jpg</filename>
	<path>597_jpg.rf.76e8ebc7960b9539151b952d709d3bd7.jpg</path>
	<source>
		<database>roboflow.ai</database>
	</source>
	<size>
		<width>416</width>
		<height>416</height>
		<depth>3</depth>
	</size>
	<segmented>0</segmented>
	<object>
		<name>0</name>
		<pose>Unspecified</pose>
		<truncated>0</truncated>
		<difficult>0</difficult>
		<occluded>0</occluded>
		<bndbox>
			<xmin>283</xmin>
			<xmax>417</xmax>
			<ymin>285</ymin>
			<ymax>322</ymax>
		</bndbox>
	</object>
</annotation>
