<annotation>
	<folder></folder>
	<filename>598_jpg.rf.ede73f3b47501fefed69c2769a9bb83b.jpg</filename>
	<path>598_jpg.rf.ede73f3b47501fefed69c2769a9bb83b.jpg</path>
	<source>
		<database>roboflow.ai</database>
	</source>
	<size>
		<width>416</width>
		<height>416</height>
		<depth>3</depth>
	</size>
	<segmented>0</segmented>
	<object>
		<name>0</name>
		<pose>Unspecified</pose>
		<truncated>0</truncated>
		<difficult>0</difficult>
		<occluded>0</occluded>
		<bndbox>
			<xmin>179</xmin>
			<xmax>214</xmax>
			<ymin>6</ymin>
			<ymax>39</ymax>
		</bndbox>
	</object>
</annotation>
