<annotation>
	<folder></folder>
	<filename>599_jpg.rf.18a08bfd8c87e612b1f7ab95f3786bd9.jpg</filename>
	<path>599_jpg.rf.18a08bfd8c87e612b1f7ab95f3786bd9.jpg</path>
	<source>
		<database>roboflow.ai</database>
	</source>
	<size>
		<width>416</width>
		<height>416</height>
		<depth>3</depth>
	</size>
	<segmented>0</segmented>
	<object>
		<name>0</name>
		<pose>Unspecified</pose>
		<truncated>0</truncated>
		<difficult>0</difficult>
		<occluded>0</occluded>
		<bndbox>
			<xmin>176</xmin>
			<xmax>213</xmax>
			<ymin>55</ymin>
			<ymax>84</ymax>
		</bndbox>
	</object>
</annotation>
