<annotation>
	<folder></folder>
	<filename>59_jpg.rf.5acaf2789a570b3f5d2b06556d6c35f2.jpg</filename>
	<path>59_jpg.rf.5acaf2789a570b3f5d2b06556d6c35f2.jpg</path>
	<source>
		<database>roboflow.ai</database>
	</source>
	<size>
		<width>416</width>
		<height>416</height>
		<depth>3</depth>
	</size>
	<segmented>0</segmented>
	<object>
		<name>0</name>
		<pose>Unspecified</pose>
		<truncated>0</truncated>
		<difficult>0</difficult>
		<occluded>0</occluded>
		<bndbox>
			<xmin>103</xmin>
			<xmax>357</xmax>
			<ymin>44</ymin>
			<ymax>302</ymax>
		</bndbox>
	</object>
</annotation>
