<annotation>
	<folder></folder>
	<filename>600_jpg.rf.37085ff75069c56b890fef17357053a7.jpg</filename>
	<path>600_jpg.rf.37085ff75069c56b890fef17357053a7.jpg</path>
	<source>
		<database>roboflow.ai</database>
	</source>
	<size>
		<width>416</width>
		<height>416</height>
		<depth>3</depth>
	</size>
	<segmented>0</segmented>
	<object>
		<name>0</name>
		<pose>Unspecified</pose>
		<truncated>0</truncated>
		<difficult>0</difficult>
		<occluded>0</occluded>
		<bndbox>
			<xmin>179</xmin>
			<xmax>217</xmax>
			<ymin>92</ymin>
			<ymax>122</ymax>
		</bndbox>
	</object>
</annotation>
