<annotation>
	<folder></folder>
	<filename>601_jpg.rf.b7a43d6fb34b86fb794e848609918b49.jpg</filename>
	<path>601_jpg.rf.b7a43d6fb34b86fb794e848609918b49.jpg</path>
	<source>
		<database>roboflow.ai</database>
	</source>
	<size>
		<width>416</width>
		<height>416</height>
		<depth>3</depth>
	</size>
	<segmented>0</segmented>
	<object>
		<name>0</name>
		<pose>Unspecified</pose>
		<truncated>0</truncated>
		<difficult>0</difficult>
		<occluded>0</occluded>
		<bndbox>
			<xmin>211</xmin>
			<xmax>238</xmax>
			<ymin>116</ymin>
			<ymax>142</ymax>
		</bndbox>
	</object>
</annotation>
