<annotation>
	<folder></folder>
	<filename>60_jpg.rf.585b6376735ea548e5d7e97c8214083c.jpg</filename>
	<path>60_jpg.rf.585b6376735ea548e5d7e97c8214083c.jpg</path>
	<source>
		<database>roboflow.ai</database>
	</source>
	<size>
		<width>416</width>
		<height>416</height>
		<depth>3</depth>
	</size>
	<segmented>0</segmented>
	<object>
		<name>0</name>
		<pose>Unspecified</pose>
		<truncated>0</truncated>
		<difficult>0</difficult>
		<occluded>0</occluded>
		<bndbox>
			<xmin>60</xmin>
			<xmax>381</xmax>
			<ymin>63</ymin>
			<ymax>318</ymax>
		</bndbox>
	</object>
</annotation>
