<annotation>
	<folder></folder>
	<filename>61_jpg.rf.5e6b5605e02ed937c161a8994b39d249.jpg</filename>
	<path>61_jpg.rf.5e6b5605e02ed937c161a8994b39d249.jpg</path>
	<source>
		<database>roboflow.ai</database>
	</source>
	<size>
		<width>416</width>
		<height>416</height>
		<depth>3</depth>
	</size>
	<segmented>0</segmented>
	<object>
		<name>0</name>
		<pose>Unspecified</pose>
		<truncated>0</truncated>
		<difficult>0</difficult>
		<occluded>0</occluded>
		<bndbox>
			<xmin>279</xmin>
			<xmax>313</xmax>
			<ymin>82</ymin>
			<ymax>120</ymax>
		</bndbox>
	</object>
	<object>
		<name>0</name>
		<pose>Unspecified</pose>
		<truncated>0</truncated>
		<difficult>0</difficult>
		<occluded>0</occluded>
		<bndbox>
			<xmin>293</xmin>
			<xmax>328</xmax>
			<ymin>138</ymin>
			<ymax>168</ymax>
		</bndbox>
	</object>
</annotation>
