<annotation>
	<folder></folder>
	<filename>62_jpg.rf.4e7e88f679a6069c27cb6423c86ad29e.jpg</filename>
	<path>62_jpg.rf.4e7e88f679a6069c27cb6423c86ad29e.jpg</path>
	<source>
		<database>roboflow.ai</database>
	</source>
	<size>
		<width>416</width>
		<height>416</height>
		<depth>3</depth>
	</size>
	<segmented>0</segmented>
	<object>
		<name>0</name>
		<pose>Unspecified</pose>
		<truncated>0</truncated>
		<difficult>0</difficult>
		<occluded>0</occluded>
		<bndbox>
			<xmin>126</xmin>
			<xmax>158</xmax>
			<ymin>30</ymin>
			<ymax>66</ymax>
		</bndbox>
	</object>
</annotation>
