<annotation>
	<folder></folder>
	<filename>63_jpg.rf.eab56b5423acc97937060e3272063925.jpg</filename>
	<path>63_jpg.rf.eab56b5423acc97937060e3272063925.jpg</path>
	<source>
		<database>roboflow.ai</database>
	</source>
	<size>
		<width>416</width>
		<height>416</height>
		<depth>3</depth>
	</size>
	<segmented>0</segmented>
	<object>
		<name>0</name>
		<pose>Unspecified</pose>
		<truncated>0</truncated>
		<difficult>0</difficult>
		<occluded>0</occluded>
		<bndbox>
			<xmin>148</xmin>
			<xmax>190</xmax>
			<ymin>118</ymin>
			<ymax>144</ymax>
		</bndbox>
	</object>
</annotation>
