<annotation>
	<folder></folder>
	<filename>64_jpg.rf.ffa6495ff2886103a306e7ad5bfabe2f.jpg</filename>
	<path>64_jpg.rf.ffa6495ff2886103a306e7ad5bfabe2f.jpg</path>
	<source>
		<database>roboflow.ai</database>
	</source>
	<size>
		<width>416</width>
		<height>416</height>
		<depth>3</depth>
	</size>
	<segmented>0</segmented>
	<object>
		<name>0</name>
		<pose>Unspecified</pose>
		<truncated>0</truncated>
		<difficult>0</difficult>
		<occluded>0</occluded>
		<bndbox>
			<xmin>265</xmin>
			<xmax>288</xmax>
			<ymin>206</ymin>
			<ymax>222</ymax>
		</bndbox>
	</object>
</annotation>
