<annotation>
	<folder></folder>
	<filename>65_jpg.rf.7c301c5226f623ef9622d8cf3f48fa1e.jpg</filename>
	<path>65_jpg.rf.7c301c5226f623ef9622d8cf3f48fa1e.jpg</path>
	<source>
		<database>roboflow.ai</database>
	</source>
	<size>
		<width>416</width>
		<height>416</height>
		<depth>3</depth>
	</size>
	<segmented>0</segmented>
	<object>
		<name>0</name>
		<pose>Unspecified</pose>
		<truncated>0</truncated>
		<difficult>0</difficult>
		<occluded>0</occluded>
		<bndbox>
			<xmin>53</xmin>
			<xmax>384</xmax>
			<ymin>66</ymin>
			<ymax>355</ymax>
		</bndbox>
	</object>
</annotation>
