<annotation>
	<folder></folder>
	<filename>66_jpg.rf.4d4c4e525b489218c3f0aff015f04829.jpg</filename>
	<path>66_jpg.rf.4d4c4e525b489218c3f0aff015f04829.jpg</path>
	<source>
		<database>roboflow.ai</database>
	</source>
	<size>
		<width>416</width>
		<height>416</height>
		<depth>3</depth>
	</size>
	<segmented>0</segmented>
	<object>
		<name>0</name>
		<pose>Unspecified</pose>
		<truncated>0</truncated>
		<difficult>0</difficult>
		<occluded>0</occluded>
		<bndbox>
			<xmin>194</xmin>
			<xmax>218</xmax>
			<ymin>249</ymin>
			<ymax>272</ymax>
		</bndbox>
	</object>
</annotation>
