<annotation>
	<folder></folder>
	<filename>67_jpg.rf.c3ed6f8a1dce8641a593257729b625aa.jpg</filename>
	<path>67_jpg.rf.c3ed6f8a1dce8641a593257729b625aa.jpg</path>
	<source>
		<database>roboflow.ai</database>
	</source>
	<size>
		<width>416</width>
		<height>416</height>
		<depth>3</depth>
	</size>
	<segmented>0</segmented>
	<object>
		<name>0</name>
		<pose>Unspecified</pose>
		<truncated>0</truncated>
		<difficult>0</difficult>
		<occluded>0</occluded>
		<bndbox>
			<xmin>229</xmin>
			<xmax>250</xmax>
			<ymin>149</ymin>
			<ymax>169</ymax>
		</bndbox>
	</object>
</annotation>
