<annotation>
	<folder></folder>
	<filename>68_jpg.rf.1aade903a5ad148fef2a222920a1fe6d.jpg</filename>
	<path>68_jpg.rf.1aade903a5ad148fef2a222920a1fe6d.jpg</path>
	<source>
		<database>roboflow.ai</database>
	</source>
	<size>
		<width>416</width>
		<height>416</height>
		<depth>3</depth>
	</size>
	<segmented>0</segmented>
	<object>
		<name>0</name>
		<pose>Unspecified</pose>
		<truncated>0</truncated>
		<difficult>0</difficult>
		<occluded>0</occluded>
		<bndbox>
			<xmin>257</xmin>
			<xmax>290</xmax>
			<ymin>215</ymin>
			<ymax>250</ymax>
		</bndbox>
	</object>
</annotation>
