<annotation>
	<folder></folder>
	<filename>6_jpg.rf.6eb7e36e1ac5b305fecd88bde87c5298.jpg</filename>
	<path>6_jpg.rf.6eb7e36e1ac5b305fecd88bde87c5298.jpg</path>
	<source>
		<database>roboflow.ai</database>
	</source>
	<size>
		<width>416</width>
		<height>416</height>
		<depth>3</depth>
	</size>
	<segmented>0</segmented>
	<object>
		<name>0</name>
		<pose>Unspecified</pose>
		<truncated>0</truncated>
		<difficult>0</difficult>
		<occluded>0</occluded>
		<bndbox>
			<xmin>186</xmin>
			<xmax>244</xmax>
			<ymin>275</ymin>
			<ymax>323</ymax>
		</bndbox>
	</object>
</annotation>
