<annotation>
	<folder></folder>
	<filename>70_jpg.rf.1dd14950848162fc726b73e988ad3b88.jpg</filename>
	<path>70_jpg.rf.1dd14950848162fc726b73e988ad3b88.jpg</path>
	<source>
		<database>roboflow.ai</database>
	</source>
	<size>
		<width>416</width>
		<height>416</height>
		<depth>3</depth>
	</size>
	<segmented>0</segmented>
	<object>
		<name>0</name>
		<pose>Unspecified</pose>
		<truncated>0</truncated>
		<difficult>0</difficult>
		<occluded>0</occluded>
		<bndbox>
			<xmin>48</xmin>
			<xmax>372</xmax>
			<ymin>157</ymin>
			<ymax>356</ymax>
		</bndbox>
	</object>
</annotation>
