<annotation>
	<folder></folder>
	<filename>71_jpg.rf.5556a0619ffe187f3383a161c3a77e63.jpg</filename>
	<path>71_jpg.rf.5556a0619ffe187f3383a161c3a77e63.jpg</path>
	<source>
		<database>roboflow.ai</database>
	</source>
	<size>
		<width>416</width>
		<height>416</height>
		<depth>3</depth>
	</size>
	<segmented>0</segmented>
	<object>
		<name>0</name>
		<pose>Unspecified</pose>
		<truncated>0</truncated>
		<difficult>0</difficult>
		<occluded>0</occluded>
		<bndbox>
			<xmin>305</xmin>
			<xmax>356</xmax>
			<ymin>217</ymin>
			<ymax>266</ymax>
		</bndbox>
	</object>
</annotation>
