<annotation>
	<folder></folder>
	<filename>72_jpg.rf.752cbd3285e569013965ae0b7e46f3f3.jpg</filename>
	<path>72_jpg.rf.752cbd3285e569013965ae0b7e46f3f3.jpg</path>
	<source>
		<database>roboflow.ai</database>
	</source>
	<size>
		<width>416</width>
		<height>416</height>
		<depth>3</depth>
	</size>
	<segmented>0</segmented>
	<object>
		<name>0</name>
		<pose>Unspecified</pose>
		<truncated>0</truncated>
		<difficult>0</difficult>
		<occluded>0</occluded>
		<bndbox>
			<xmin>279</xmin>
			<xmax>294</xmax>
			<ymin>89</ymin>
			<ymax>104</ymax>
		</bndbox>
	</object>
</annotation>
