<annotation>
	<folder></folder>
	<filename>73_jpg.rf.163e798becd53c32ece53e29960cb801.jpg</filename>
	<path>73_jpg.rf.163e798becd53c32ece53e29960cb801.jpg</path>
	<source>
		<database>roboflow.ai</database>
	</source>
	<size>
		<width>416</width>
		<height>416</height>
		<depth>3</depth>
	</size>
	<segmented>0</segmented>
	<object>
		<name>0</name>
		<pose>Unspecified</pose>
		<truncated>0</truncated>
		<difficult>0</difficult>
		<occluded>0</occluded>
		<bndbox>
			<xmin>183</xmin>
			<xmax>218</xmax>
			<ymin>176</ymin>
			<ymax>219</ymax>
		</bndbox>
	</object>
</annotation>
