<annotation>
	<folder></folder>
	<filename>74_jpg.rf.34eb21b65642b25e0b7635683d811c64.jpg</filename>
	<path>74_jpg.rf.34eb21b65642b25e0b7635683d811c64.jpg</path>
	<source>
		<database>roboflow.ai</database>
	</source>
	<size>
		<width>416</width>
		<height>416</height>
		<depth>3</depth>
	</size>
	<segmented>0</segmented>
	<object>
		<name>0</name>
		<pose>Unspecified</pose>
		<truncated>0</truncated>
		<difficult>0</difficult>
		<occluded>0</occluded>
		<bndbox>
			<xmin>178</xmin>
			<xmax>198</xmax>
			<ymin>147</ymin>
			<ymax>169</ymax>
		</bndbox>
	</object>
</annotation>
