<annotation>
	<folder></folder>
	<filename>75_jpg.rf.288746f1ee78e2ace6fab02695650bf8.jpg</filename>
	<path>75_jpg.rf.288746f1ee78e2ace6fab02695650bf8.jpg</path>
	<source>
		<database>roboflow.ai</database>
	</source>
	<size>
		<width>416</width>
		<height>416</height>
		<depth>3</depth>
	</size>
	<segmented>0</segmented>
	<object>
		<name>0</name>
		<pose>Unspecified</pose>
		<truncated>0</truncated>
		<difficult>0</difficult>
		<occluded>0</occluded>
		<bndbox>
			<xmin>190</xmin>
			<xmax>212</xmax>
			<ymin>49</ymin>
			<ymax>76</ymax>
		</bndbox>
	</object>
</annotation>
