<annotation>
	<folder></folder>
	<filename>76_jpg.rf.35c58f7e4bb63ed77ed0446a2dcd2b37.jpg</filename>
	<path>76_jpg.rf.35c58f7e4bb63ed77ed0446a2dcd2b37.jpg</path>
	<source>
		<database>roboflow.ai</database>
	</source>
	<size>
		<width>416</width>
		<height>416</height>
		<depth>3</depth>
	</size>
	<segmented>0</segmented>
	<object>
		<name>0</name>
		<pose>Unspecified</pose>
		<truncated>0</truncated>
		<difficult>0</difficult>
		<occluded>0</occluded>
		<bndbox>
			<xmin>206</xmin>
			<xmax>261</xmax>
			<ymin>243</ymin>
			<ymax>294</ymax>
		</bndbox>
	</object>
</annotation>
