<annotation>
	<folder></folder>
	<filename>78_jpg.rf.44eaf1eb6ebe52c187a43e1296ec2778.jpg</filename>
	<path>78_jpg.rf.44eaf1eb6ebe52c187a43e1296ec2778.jpg</path>
	<source>
		<database>roboflow.ai</database>
	</source>
	<size>
		<width>416</width>
		<height>416</height>
		<depth>3</depth>
	</size>
	<segmented>0</segmented>
	<object>
		<name>0</name>
		<pose>Unspecified</pose>
		<truncated>0</truncated>
		<difficult>0</difficult>
		<occluded>0</occluded>
		<bndbox>
			<xmin>169</xmin>
			<xmax>225</xmax>
			<ymin>225</ymin>
			<ymax>290</ymax>
		</bndbox>
	</object>
</annotation>
