<annotation>
	<folder></folder>
	<filename>80_jpg.rf.0ba81a8b8085fe9b1c801fd1ea6654be.jpg</filename>
	<path>80_jpg.rf.0ba81a8b8085fe9b1c801fd1ea6654be.jpg</path>
	<source>
		<database>roboflow.ai</database>
	</source>
	<size>
		<width>416</width>
		<height>416</height>
		<depth>3</depth>
	</size>
	<segmented>0</segmented>
	<object>
		<name>0</name>
		<pose>Unspecified</pose>
		<truncated>0</truncated>
		<difficult>0</difficult>
		<occluded>0</occluded>
		<bndbox>
			<xmin>132</xmin>
			<xmax>231</xmax>
			<ymin>124</ymin>
			<ymax>245</ymax>
		</bndbox>
	</object>
</annotation>
