<annotation>
	<folder></folder>
	<filename>81_jpg.rf.7dcad65cb7fd712f448e32572792b72f.jpg</filename>
	<path>81_jpg.rf.7dcad65cb7fd712f448e32572792b72f.jpg</path>
	<source>
		<database>roboflow.ai</database>
	</source>
	<size>
		<width>416</width>
		<height>416</height>
		<depth>3</depth>
	</size>
	<segmented>0</segmented>
	<object>
		<name>0</name>
		<pose>Unspecified</pose>
		<truncated>0</truncated>
		<difficult>0</difficult>
		<occluded>0</occluded>
		<bndbox>
			<xmin>234</xmin>
			<xmax>241</xmax>
			<ymin>44</ymin>
			<ymax>54</ymax>
		</bndbox>
	</object>
</annotation>
