<annotation>
	<folder></folder>
	<filename>85_jpg.rf.c7cae1cc2331418ff50d732e0c95e5a2.jpg</filename>
	<path>85_jpg.rf.c7cae1cc2331418ff50d732e0c95e5a2.jpg</path>
	<source>
		<database>roboflow.ai</database>
	</source>
	<size>
		<width>416</width>
		<height>416</height>
		<depth>3</depth>
	</size>
	<segmented>0</segmented>
	<object>
		<name>0</name>
		<pose>Unspecified</pose>
		<truncated>0</truncated>
		<difficult>0</difficult>
		<occluded>0</occluded>
		<bndbox>
			<xmin>82</xmin>
			<xmax>353</xmax>
			<ymin>114</ymin>
			<ymax>382</ymax>
		</bndbox>
	</object>
</annotation>
