<annotation>
	<folder></folder>
	<filename>86_jpg.rf.86ddff99b9765b8e1e2b5171eed0c95f.jpg</filename>
	<path>86_jpg.rf.86ddff99b9765b8e1e2b5171eed0c95f.jpg</path>
	<source>
		<database>roboflow.ai</database>
	</source>
	<size>
		<width>416</width>
		<height>416</height>
		<depth>3</depth>
	</size>
	<segmented>0</segmented>
	<object>
		<name>0</name>
		<pose>Unspecified</pose>
		<truncated>0</truncated>
		<difficult>0</difficult>
		<occluded>0</occluded>
		<bndbox>
			<xmin>190</xmin>
			<xmax>218</xmax>
			<ymin>288</ymin>
			<ymax>313</ymax>
		</bndbox>
	</object>
</annotation>
