<annotation>
	<folder></folder>
	<filename>87_jpg.rf.c8ba21d7b74baa1f025c4360d0d9a137.jpg</filename>
	<path>87_jpg.rf.c8ba21d7b74baa1f025c4360d0d9a137.jpg</path>
	<source>
		<database>roboflow.ai</database>
	</source>
	<size>
		<width>416</width>
		<height>416</height>
		<depth>3</depth>
	</size>
	<segmented>0</segmented>
	<object>
		<name>0</name>
		<pose>Unspecified</pose>
		<truncated>0</truncated>
		<difficult>0</difficult>
		<occluded>0</occluded>
		<bndbox>
			<xmin>224</xmin>
			<xmax>318</xmax>
			<ymin>269</ymin>
			<ymax>342</ymax>
		</bndbox>
	</object>
</annotation>
