<annotation>
	<folder></folder>
	<filename>88_jpg.rf.dcbc3fe9252f20e8484e91a47d13eaf7.jpg</filename>
	<path>88_jpg.rf.dcbc3fe9252f20e8484e91a47d13eaf7.jpg</path>
	<source>
		<database>roboflow.ai</database>
	</source>
	<size>
		<width>416</width>
		<height>416</height>
		<depth>3</depth>
	</size>
	<segmented>0</segmented>
	<object>
		<name>0</name>
		<pose>Unspecified</pose>
		<truncated>0</truncated>
		<difficult>0</difficult>
		<occluded>0</occluded>
		<bndbox>
			<xmin>343</xmin>
			<xmax>389</xmax>
			<ymin>157</ymin>
			<ymax>193</ymax>
		</bndbox>
	</object>
</annotation>
