<annotation>
	<folder></folder>
	<filename>89_jpg.rf.dacdfa0ed8304df618029b3ac08b07aa.jpg</filename>
	<path>89_jpg.rf.dacdfa0ed8304df618029b3ac08b07aa.jpg</path>
	<source>
		<database>roboflow.ai</database>
	</source>
	<size>
		<width>416</width>
		<height>416</height>
		<depth>3</depth>
	</size>
	<segmented>0</segmented>
	<object>
		<name>0</name>
		<pose>Unspecified</pose>
		<truncated>0</truncated>
		<difficult>0</difficult>
		<occluded>0</occluded>
		<bndbox>
			<xmin>154</xmin>
			<xmax>280</xmax>
			<ymin>151</ymin>
			<ymax>323</ymax>
		</bndbox>
	</object>
</annotation>
