<annotation>
	<folder></folder>
	<filename>8_jpg.rf.2308eba370754b83d47f703bcb235982.jpg</filename>
	<path>8_jpg.rf.2308eba370754b83d47f703bcb235982.jpg</path>
	<source>
		<database>roboflow.ai</database>
	</source>
	<size>
		<width>416</width>
		<height>416</height>
		<depth>3</depth>
	</size>
	<segmented>0</segmented>
	<object>
		<name>0</name>
		<pose>Unspecified</pose>
		<truncated>0</truncated>
		<difficult>0</difficult>
		<occluded>0</occluded>
		<bndbox>
			<xmin>147</xmin>
			<xmax>275</xmax>
			<ymin>170</ymin>
			<ymax>309</ymax>
		</bndbox>
	</object>
</annotation>
