<annotation>
	<folder></folder>
	<filename>90_jpg.rf.631c1a578e6d40180c6264a855c7126f.jpg</filename>
	<path>90_jpg.rf.631c1a578e6d40180c6264a855c7126f.jpg</path>
	<source>
		<database>roboflow.ai</database>
	</source>
	<size>
		<width>416</width>
		<height>416</height>
		<depth>3</depth>
	</size>
	<segmented>0</segmented>
	<object>
		<name>0</name>
		<pose>Unspecified</pose>
		<truncated>0</truncated>
		<difficult>0</difficult>
		<occluded>0</occluded>
		<bndbox>
			<xmin>87</xmin>
			<xmax>399</xmax>
			<ymin>40</ymin>
			<ymax>292</ymax>
		</bndbox>
	</object>
</annotation>
