<annotation>
	<folder></folder>
	<filename>91_jpg.rf.70f61fc881f259037c4ac440bb87853f.jpg</filename>
	<path>91_jpg.rf.70f61fc881f259037c4ac440bb87853f.jpg</path>
	<source>
		<database>roboflow.ai</database>
	</source>
	<size>
		<width>416</width>
		<height>416</height>
		<depth>3</depth>
	</size>
	<segmented>0</segmented>
	<object>
		<name>0</name>
		<pose>Unspecified</pose>
		<truncated>0</truncated>
		<difficult>0</difficult>
		<occluded>0</occluded>
		<bndbox>
			<xmin>48</xmin>
			<xmax>116</xmax>
			<ymin>66</ymin>
			<ymax>129</ymax>
		</bndbox>
	</object>
	<object>
		<name>0</name>
		<pose>Unspecified</pose>
		<truncated>0</truncated>
		<difficult>0</difficult>
		<occluded>0</occluded>
		<bndbox>
			<xmin>222</xmin>
			<xmax>279</xmax>
			<ymin>103</ymin>
			<ymax>159</ymax>
		</bndbox>
	</object>
</annotation>
