<annotation>
	<folder></folder>
	<filename>94_jpg.rf.6f26ea47ed108d856ebc46743c4e5690.jpg</filename>
	<path>94_jpg.rf.6f26ea47ed108d856ebc46743c4e5690.jpg</path>
	<source>
		<database>roboflow.ai</database>
	</source>
	<size>
		<width>416</width>
		<height>416</height>
		<depth>3</depth>
	</size>
	<segmented>0</segmented>
	<object>
		<name>0</name>
		<pose>Unspecified</pose>
		<truncated>0</truncated>
		<difficult>0</difficult>
		<occluded>0</occluded>
		<bndbox>
			<xmin>114</xmin>
			<xmax>293</xmax>
			<ymin>132</ymin>
			<ymax>269</ymax>
		</bndbox>
	</object>
</annotation>
