<annotation>
	<folder></folder>
	<filename>95_jpg.rf.90bed87ccc204bde31f978f2491fd184.jpg</filename>
	<path>95_jpg.rf.90bed87ccc204bde31f978f2491fd184.jpg</path>
	<source>
		<database>roboflow.ai</database>
	</source>
	<size>
		<width>416</width>
		<height>416</height>
		<depth>3</depth>
	</size>
	<segmented>0</segmented>
	<object>
		<name>0</name>
		<pose>Unspecified</pose>
		<truncated>0</truncated>
		<difficult>0</difficult>
		<occluded>0</occluded>
		<bndbox>
			<xmin>79</xmin>
			<xmax>198</xmax>
			<ymin>50</ymin>
			<ymax>189</ymax>
		</bndbox>
	</object>
</annotation>
