<annotation>
	<folder></folder>
	<filename>96_jpg.rf.4606f8f0bd5bacbbe81b98ace6785f3a.jpg</filename>
	<path>96_jpg.rf.4606f8f0bd5bacbbe81b98ace6785f3a.jpg</path>
	<source>
		<database>roboflow.ai</database>
	</source>
	<size>
		<width>416</width>
		<height>416</height>
		<depth>3</depth>
	</size>
	<segmented>0</segmented>
	<object>
		<name>0</name>
		<pose>Unspecified</pose>
		<truncated>0</truncated>
		<difficult>0</difficult>
		<occluded>0</occluded>
		<bndbox>
			<xmin>190</xmin>
			<xmax>210</xmax>
			<ymin>196</ymin>
			<ymax>219</ymax>
		</bndbox>
	</object>
</annotation>
