<annotation>
	<folder></folder>
	<filename>99_jpg.rf.fc2d7d1edcb50cb45e76bee6d461d99d.jpg</filename>
	<path>99_jpg.rf.fc2d7d1edcb50cb45e76bee6d461d99d.jpg</path>
	<source>
		<database>roboflow.ai</database>
	</source>
	<size>
		<width>416</width>
		<height>416</height>
		<depth>3</depth>
	</size>
	<segmented>0</segmented>
	<object>
		<name>0</name>
		<pose>Unspecified</pose>
		<truncated>0</truncated>
		<difficult>0</difficult>
		<occluded>0</occluded>
		<bndbox>
			<xmin>69</xmin>
			<xmax>98</xmax>
			<ymin>124</ymin>
			<ymax>164</ymax>
		</bndbox>
	</object>
</annotation>
