<annotation>
	<folder></folder>
	<filename>9_jpg.rf.f255719a2dc5987b645345f18c04c4a7.jpg</filename>
	<path>9_jpg.rf.f255719a2dc5987b645345f18c04c4a7.jpg</path>
	<source>
		<database>roboflow.ai</database>
	</source>
	<size>
		<width>416</width>
		<height>416</height>
		<depth>3</depth>
	</size>
	<segmented>0</segmented>
	<object>
		<name>0</name>
		<pose>Unspecified</pose>
		<truncated>0</truncated>
		<difficult>0</difficult>
		<occluded>0</occluded>
		<bndbox>
			<xmin>213</xmin>
			<xmax>243</xmax>
			<ymin>120</ymin>
			<ymax>144</ymax>
		</bndbox>
	</object>
</annotation>
